section;side;key;field;base_value;comp_value;base_name;comp_name;key_name
records_only;comp;2023-2024_222_SRV02904_SRV00002;record only in comp (ss);;2023-2024_222_SRV02904_SRV00002;2026-01-19_ss;ss;fy_org_id_service_id_std_id
records_only;comp;2023-2024_222_SRV02907_SRV00001;record only in comp (ss);;2023-2024_222_SRV02907_SRV00001;2026-01-19_ss;ss;fy_org_id_service_id_std_id
records_only;comp;2023-2024_46_1139_STAN00003910;record only in comp (ss);;2023-2024_46_1139_STAN00003910;2026-01-19_ss;ss;fy_org_id_service_id_std_id
records_only;base;2023-2024_46_1139_STAN00003912;record only in base (2026-01-19_ss);2023-2024_46_1139_STAN00003912;;2026-01-19_ss;ss;fy_org_id_service_id_std_id
records_only;comp;2024-2025_110_3181_6241;record only in comp (ss);;2024-2025_110_3181_6241;2026-01-19_ss;ss;fy_org_id_service_id_std_id
records_only;comp;2024-2025_110_3403_5898;record only in comp (ss);;2024-2025_110_3403_5898;2026-01-19_ss;ss;fy_org_id_service_id_std_id
records_only;comp;2024-2025_110_3404_5914;record only in comp (ss);;2024-2025_110_3404_5914;2026-01-19_ss;ss;fy_org_id_service_id_std_id
records_only;comp;2024-2025_110_3408_5905;record only in comp (ss);;2024-2025_110_3408_5905;2026-01-19_ss;ss;fy_org_id_service_id_std_id
records_only;comp;2024-2025_110_3408_6252;record only in comp (ss);;2024-2025_110_3408_6252;2026-01-19_ss;ss;fy_org_id_service_id_std_id
records_only;comp;2024-2025_110_3410_5906;record only in comp (ss);;2024-2025_110_3410_5906;2026-01-19_ss;ss;fy_org_id_service_id_std_id
records_only;comp;2024-2025_110_3411_5907;record only in comp (ss);;2024-2025_110_3411_5907;2026-01-19_ss;ss;fy_org_id_service_id_std_id
records_only;comp;2024-2025_110_3411_8634;record only in comp (ss);;2024-2025_110_3411_8634;2026-01-19_ss;ss;fy_org_id_service_id_std_id
records_only;comp;2024-2025_110_3413_5909;record only in comp (ss);;2024-2025_110_3413_5909;2026-01-19_ss;ss;fy_org_id_service_id_std_id
records_only;comp;2024-2025_110_3414_5910;record only in comp (ss);;2024-2025_110_3414_5910;2026-01-19_ss;ss;fy_org_id_service_id_std_id
records_only;comp;2024-2025_110_3643_6244;record only in comp (ss);;2024-2025_110_3643_6244;2026-01-19_ss;ss;fy_org_id_service_id_std_id
records_only;comp;2024-2025_110_3644_5921;record only in comp (ss);;2024-2025_110_3644_5921;2026-01-19_ss;ss;fy_org_id_service_id_std_id
records_only;comp;2024-2025_110_3645_8635;record only in comp (ss);;2024-2025_110_3645_8635;2026-01-19_ss;ss;fy_org_id_service_id_std_id
records_only;comp;2024-2025_110_3646_8636;record only in comp (ss);;2024-2025_110_3646_8636;2026-01-19_ss;ss;fy_org_id_service_id_std_id
records_only;comp;2024-2025_110_3647_8637;record only in comp (ss);;2024-2025_110_3647_8637;2026-01-19_ss;ss;fy_org_id_service_id_std_id
records_only;comp;2024-2025_110_3648_6243;record only in comp (ss);;2024-2025_110_3648_6243;2026-01-19_ss;ss;fy_org_id_service_id_std_id
records_only;comp;2024-2025_110_4006_8633;record only in comp (ss);;2024-2025_110_4006_8633;2026-01-19_ss;ss;fy_org_id_service_id_std_id
records_only;comp;2024-2025_46_1139_STAN00003910;record only in comp (ss);;2024-2025_46_1139_STAN00003910;2026-01-19_ss;ss;fy_org_id_service_id_std_id
records_only;base;2024-2025_46_1139_STAN00003912;record only in base (2026-01-19_ss);2024-2025_46_1139_STAN00003912;;2026-01-19_ss;ss;fy_org_id_service_id_std_id

Timestamp:2026-02-10_10:41:43
