department_en;fiscal_yr;service_id;service_name_en;service_name_fr;num_applications_total;total_volume_ss;issue;description_en;action_en
Administrative Tribunals Support Service of Canada;2024-2025;3595;ATSSC  Library Services;Services de Bibliothèque du SCDATA;0;0.0;qa_si_fiscal_yr_in_future;This fiscal year is not in scope for reporting yet.;Delete this record and resubmit with the correct fiscal year
Administrative Tribunals Support Service of Canada;2024-2025;3596;ATSSC General Inquiries;Demandes générales SCDATA;0;0.0;qa_si_fiscal_yr_in_future;This fiscal year is not in scope for reporting yet.;Delete this record and resubmit with the correct fiscal year
Administrative Tribunals Support Service of Canada;2024-2025;3597;ATSSC Registry Services;Services de greffe;0;0.0;qa_si_fiscal_yr_in_future;This fiscal year is not in scope for reporting yet.;Delete this record and resubmit with the correct fiscal year
Administrative Tribunals Support Service of Canada;2024-2025;3598;Access to Information and Privacy;Accès à l’information et protection des renseignements personnels;18;0.0;qa_si_fiscal_yr_in_future;This fiscal year is not in scope for reporting yet.;Delete this record and resubmit with the correct fiscal year
Agriculture and Agri-Food Canada;2023-2024;140;AgriRisk: Administrative Capacity Stream;Initiatives Agri-risques: Volet de renforcement des capacités administratives;0;3.0;qa_ss_vol_without_si_vol;The associated service standards report application volume information, but not at the service level;Include application volumes at the overall service level
Agriculture and Agri-Food Canada;2023-2024;1981;AgriRisk: Research and Development Contribution Funding Stream;Initiatives Agri-risques: Volet de financement par contribution de recherche et développement;0;2.0;qa_ss_vol_without_si_vol;The associated service standards report application volume information, but not at the service level;Include application volumes at the overall service level
Agriculture and Agri-Food Canada;2023-2024;2224;AAFC Contact Centre;Centre d’appels de la Direction des programmes du revenu agricole (DPRA);0;31689.0;qa_ss_vol_without_si_vol;The associated service standards report application volume information, but not at the service level;Include application volumes at the overall service level
Atlantic Canada Opportunities Agency;2023-2024;716;Business Information Services;Service d'information aux entreprises de l'APECA;0;6783.0;qa_ss_vol_without_si_vol;The associated service standards report application volume information, but not at the service level;Include application volumes at the overall service level
Canada Border Services Agency;2023-2024;679;Border Information Service (BIS);Service d'information sur la frontière (SIF);0;390799.0;qa_ss_vol_without_si_vol;The associated service standards report application volume information, but not at the service level;Include application volumes at the overall service level
Canada Border Services Agency;2023-2024;723;Cultural Property Export Permits;Biens culturels - Délivrance des licences d'exportation;0;435.0;qa_ss_vol_without_si_vol;The associated service standards report application volume information, but not at the service level;Include application volumes at the overall service level
Canada Border Services Agency;2023-2024;741;Duty Free Shop Licence Application;Demandes d'agrément de boutique hors taxes;0;2.0;qa_ss_vol_without_si_vol;The associated service standards report application volume information, but not at the service level;Include application volumes at the overall service level
Canada Energy Regulator;2023-2024;309;Processing Participant Funding Requests;Traitement des demandes d'aide financière aux participants;0;149.0;qa_ss_vol_without_si_vol;The associated service standards report application volume information, but not at the service level;Include application volumes at the overall service level
Canada Energy Regulator;2023-2024;315;Access to Information Requests;Accès à l'information;0;24.0;qa_ss_vol_without_si_vol;The associated service standards report application volume information, but not at the service level;Include application volumes at the overall service level
Canada Revenue Agency;2023-2024;SRV01139;"Individual Tax Enquiries 
(Contact Centre)";Demandes de renseignements sur l'impôt des particuliers (Centre de contact);0;8545875.0;qa_ss_vol_without_si_vol;The associated service standards report application volume information, but not at the service level;Include application volumes at the overall service level
Canada Revenue Agency;2023-2024;SRV01141;"Business Enquiries 
(Contact Centre)";Demandes de renseignements des entreprises (Centre de contact);0;2259557.0;qa_ss_vol_without_si_vol;The associated service standards report application volume information, but not at the service level;Include application volumes at the overall service level
Canada Revenue Agency;2023-2024;SRV01143;"Benefit Enquiries 
(Contact Centre)";Demandes de renseignements sur les prestations (Centre de contact);0;1678800.0;qa_ss_vol_without_si_vol;The associated service standards report application volume information, but not at the service level;Include application volumes at the overall service level
Canada Revenue Agency;2023-2024;SRV02817;Debt Management Call Centre;Centre d’appels de la gestion des créances;0;2234718.0;qa_ss_vol_without_si_vol;The associated service standards report application volume information, but not at the service level;Include application volumes at the overall service level
Canada Revenue Agency;2023-2024;SRV02821;Scientific Research and Experimental Development (SR&ED) Tax Credits, Canadian film or video production tax credit (CPTC), and film or video production services tax credit (PSTC) – Claims not selected for a review or an audit;Crédit d’impôt  pour la recherche scientifique et le développement expérimental (RS&DE), crédit d’impôt pour production cinématographique ou magnétoscopique canadienne (CIPC) et crédit d’impôt pour services de production cinématographique ou magnétoscopique (CISP) Demandes non sélectionnées pour un examen ou une vérification;0;19664.0;qa_ss_vol_without_si_vol;The associated service standards report application volume information, but not at the service level;Include application volumes at the overall service level
Canada Revenue Agency;2023-2024;SRV02822;Scientific Research and Experimental Development (SR&ED) Tax Credits – Refundable claims selected for a review;Crédit d’impôt pour la recherche scientifique et le développement expérimentale (RS&DE) – demandes remboursables sélectionnées pour un examen;0;3179.0;qa_ss_vol_without_si_vol;The associated service standards report application volume information, but not at the service level;Include application volumes at the overall service level
Canada Revenue Agency;2023-2024;SRV02824;Canadian film or video production tax credit (CPTC) and film or video production services tax credit (PSTC) – Claims selected for an audit;Crédit d’impôt pour production cinématographique ou magnétoscopique canadienne (CIPC) et crédit d'impôt pour services de production cinématographique ou magnétoscopique (CISP) – Demandes sélectionnées pour une vérification;0;537.0;qa_ss_vol_without_si_vol;The associated service standards report application volume information, but not at the service level;Include application volumes at the overall service level
Canada Revenue Agency;2023-2024;SRV03585;Charities telephone enquiries;Renseignements téléphoniques sur les organismes de bienfaisance (complexes);0;52751.0;qa_ss_vol_without_si_vol;The associated service standards report application volume information, but not at the service level;Include application volumes at the overall service level
Canada Revenue Agency;2023-2024;SRV03586;GST/HST rulings and interpretations - telephone enquiries;Décisions et interprétations en matière de TPS/TVH – Demandes de renseignements téléphoniques;0;52808.0;qa_ss_vol_without_si_vol;The associated service standards report application volume information, but not at the service level;Include application volumes at the overall service level
Canadian Heritage;2023-2024;SRV03306;Museums Assistance - Canada-France Agreement;Aide aux musées - Accord Canada-France;0;10.0;qa_ss_vol_without_si_vol;The associated service standards report application volume information, but not at the service level;Include application volumes at the overall service level
Canadian Transportation Agency;2023-2024;167;Determinations and Compliance;Déterminations et Conformité;0;1751.0;qa_ss_vol_without_si_vol;The associated service standards report application volume information, but not at the service level;Include application volumes at the overall service level
Civilian Review and Complaints Commission for the RCMP;2023-2024;2151;Request a Review;Demande d'examen;0;246.0;qa_ss_vol_without_si_vol;The associated service standards report application volume information, but not at the service level;Include application volumes at the overall service level
Correctional Service Canada;2023-2024;160;Information Services;Services d'information;0;447.0;qa_ss_vol_without_si_vol;The associated service standards report application volume information, but not at the service level;Include application volumes at the overall service level
Department of Justice Canada;2023-2024;664;Indigenous Partnership Fund;Le Fonds pour les partenariats avec les Autochtones;238;527179.0;qa_duplicate_sid;This service id has already been assigned to a different service.;Request new service IDs from the service policy team
Employment and Social Development Canada;2023-2024;1093;General Enquiry and Referral Telephone Service (1-800 O Canada);Demande de renseignements généraux et service d’aiguillage par téléphone (1-800 O Canada);0;1814066.0;qa_ss_vol_without_si_vol;The associated service standards report application volume information, but not at the service level;Include application volumes at the overall service level
Employment and Social Development Canada;2023-2024;1149;Canada.ca;Canada.ca;0;8760.0;qa_ss_vol_without_si_vol;The associated service standards report application volume information, but not at the service level;Include application volumes at the overall service level
Employment and Social Development Canada;2023-2024;1252;In-Person Service;Service en personne;0;41243076.0;qa_ss_vol_without_si_vol;The associated service standards report application volume information, but not at the service level;Include application volumes at the overall service level
Employment and Social Development Canada;2023-2024;1295;Labour Market Information;Information sur le marché du travail;0;3736.0;qa_ss_vol_without_si_vol;The associated service standards report application volume information, but not at the service level;Include application volumes at the overall service level
Employment and Social Development Canada;2023-2024;1322;Canada Education Savings Grant and Canada Learning Bond;Subvention canadienne pour l’épargne-études et Bon d’études canadien;0;63042280.0;qa_ss_vol_without_si_vol;The associated service standards report application volume information, but not at the service level;Include application volumes at the overall service level
Employment and Social Development Canada;2023-2024;1331;Canada Disability Savings Grant and Canada Disability Savings Bond;Subvention canadienne pour l’épargne-invalidité et Bon canadien pour l’épargne-invalidité;0;24538.0;qa_ss_vol_without_si_vol;The associated service standards report application volume information, but not at the service level;Include application volumes at the overall service level
Employment and Social Development Canada;2023-2024;SRV03065;Outreach Support Centre;Centre d’appui des services mobiles;0;20825.0;qa_ss_vol_without_si_vol;The associated service standards report application volume information, but not at the service level;Include application volumes at the overall service level
Environment and Climate Change Canada;2023-2024;1995;Public Weather;Météo publique;0;16870.0;qa_ss_vol_without_si_vol;The associated service standards report application volume information, but not at the service level;Include application volumes at the overall service level
Environment and Climate Change Canada;2023-2024;2009;Atmospheric Data and Information Service;Service de données et d'informations atmosphériques;0;8760.0;qa_ss_vol_without_si_vol;The associated service standards report application volume information, but not at the service level;Include application volumes at the overall service level
Environment and Climate Change Canada;2023-2024;2038;Permits for Migratory Bird Sanctuary Regulations;Permis en vertu du Règlement sur les refuges d'oiseaux migrateurs;0;98.0;qa_ss_vol_without_si_vol;The associated service standards report application volume information, but not at the service level;Include application volumes at the overall service level
Environment and Climate Change Canada;2023-2024;243;Species at Risk Act Permit System;Système de permis de la Loi sur les espèces en péril;0;46.0;qa_ss_vol_without_si_vol;The associated service standards report application volume information, but not at the service level;Include application volumes at the overall service level
Environment and Climate Change Canada;2023-2024;245;Climate Change Funding Programs - Low Carbon Economy Leadership Fund;Le Fonds du leadership pour une économie à faibles émissions de carbone;0;14.0;qa_ss_vol_without_si_vol;The associated service standards report application volume information, but not at the service level;Include application volumes at the overall service level
Environment and Climate Change Canada;2023-2024;2505;Permits under the Scott Islands Protected Marine Area Regulations;Permis en vertu du Règlement sur la zone marine protégée des îles Scott;0;2.0;qa_ss_vol_without_si_vol;The associated service standards report application volume information, but not at the service level;Include application volumes at the overall service level
Environment and Climate Change Canada;2023-2024;255;Environmental Funding - Atlantic Ecosystems Initiatives;Initiatives des écosystèmes de l'Atlantique;0;23.0;qa_ss_vol_without_si_vol;The associated service standards report application volume information, but not at the service level;Include application volumes at the overall service level
Environment and Climate Change Canada;2023-2024;687;Hydrometric data and information service;Service de données et d'informations hydrométriques;0;2190.0;qa_ss_vol_without_si_vol;The associated service standards report application volume information, but not at the service level;Include application volumes at the overall service level
Environment and Climate Change Canada;2023-2024;689;Marine program weather services;Services du programme météorologique maritime;0;932.0;qa_ss_vol_without_si_vol;The associated service standards report application volume information, but not at the service level;Include application volumes at the overall service level
Environment and Climate Change Canada;2023-2024;985;Import permits for species harmful to Canadian ecosystems;Permis d'importation d'espèces nuisibles aux écosystèmes du Canada;0;13.0;qa_ss_vol_without_si_vol;The associated service standards report application volume information, but not at the service level;Include application volumes at the overall service level
Environment and Climate Change Canada;2023-2024;986;Permits for trade in protected species;Permis pour le commerce d'espèces protégées;0;2617.0;qa_ss_vol_without_si_vol;The associated service standards report application volume information, but not at the service level;Include application volumes at the overall service level
Environment and Climate Change Canada;2023-2024;987;Migratory Birds: all other permits;Oiseaux migrateurs: autres permis;0;2828.0;qa_ss_vol_without_si_vol;The associated service standards report application volume information, but not at the service level;Include application volumes at the overall service level
Environment and Climate Change Canada;2023-2024;988;Permits under the Wildlife Area Regulations;Permis en vertu du Règlement sur les réserves d'espèces sauvages;0;191.0;qa_ss_vol_without_si_vol;The associated service standards report application volume information, but not at the service level;Include application volumes at the overall service level
Environment and Climate Change Canada;2023-2024;SRV02793;Meteorological Support for Environmental Emergency Response;Soutien météorologique pour les urgences environnementales;0;31.0;qa_ss_vol_without_si_vol;The associated service standards report application volume information, but not at the service level;Include application volumes at the overall service level
Environment and Climate Change Canada;2023-2024;SRV02867;Permit for disposal at sea;Permis pour l'immersion en mer;0;82.0;qa_ss_vol_without_si_vol;The associated service standards report application volume information, but not at the service level;Include application volumes at the overall service level
Fisheries and Oceans Canada;2024-2025;1004;Canada Nature Fund for Aquatic Species at Risk;Le Fonds de la nature du Canada pour les espèces aquatiques en péril;0;0.0;qa_si_fiscal_yr_in_future;This fiscal year is not in scope for reporting yet.;Delete this record and resubmit with the correct fiscal year
Fisheries and Oceans Canada;2024-2025;1006;Catch Certification Program;Programme de certification des captures;0;0.0;qa_si_fiscal_yr_in_future;This fiscal year is not in scope for reporting yet.;Delete this record and resubmit with the correct fiscal year
Fisheries and Oceans Canada;2024-2025;1008;Aquatic Ecosystems Restoration Fund (AERF);Fonds de restauration des écosystèmes aquatiques (FREA);0;0.0;qa_si_fiscal_yr_in_future;This fiscal year is not in scope for reporting yet.;Delete this record and resubmit with the correct fiscal year
Fisheries and Oceans Canada;2024-2025;1009;Fisheries Act Authorizations;Autorisations en vertu de la Loi sur les pêches;0;0.0;qa_si_fiscal_yr_in_future;This fiscal year is not in scope for reporting yet.;Delete this record and resubmit with the correct fiscal year
Fisheries and Oceans Canada;2024-2025;1011;Habitat Stewardship Program for Aquatic Species at Risk;Programme d'intendance de l'habitat pour les espèces aquatiques en péril;0;0.0;qa_si_fiscal_yr_in_future;This fiscal year is not in scope for reporting yet.;Delete this record and resubmit with the correct fiscal year
Fisheries and Oceans Canada;2024-2025;1013;Introduction and Transfer Licensing Application Review;Processus d'évaluation de permis d'introduction et de transfert;0;0.0;qa_si_fiscal_yr_in_future;This fiscal year is not in scope for reporting yet.;Delete this record and resubmit with the correct fiscal year
Fisheries and Oceans Canada;2024-2025;1026;National Online License System (NOLS);Système national d'émission de permis en ligne (SNEPL);0;0.0;qa_si_fiscal_yr_in_future;This fiscal year is not in scope for reporting yet.;Delete this record and resubmit with the correct fiscal year
Fisheries and Oceans Canada;2024-2025;1027;National Recreational Licensing System (NRLS) (Pacific Only);Système national d'émission de permis de pêche récréative (SNDPP);0;0.0;qa_si_fiscal_yr_in_future;This fiscal year is not in scope for reporting yet.;Delete this record and resubmit with the correct fiscal year
Fisheries and Oceans Canada;2024-2025;1028;Observer Designation Application and Renewal Processing;demandes de désignation d'observateur et des demandes de renouvellement;0;0.0;qa_si_fiscal_yr_in_future;This fiscal year is not in scope for reporting yet.;Delete this record and resubmit with the correct fiscal year
Fisheries and Oceans Canada;2024-2025;1029;Oceans Management Contribution Program in support of oceans conservation and management;Programme de contributions pour la gestion des océans pour appuyer l'élaboration et la mise en œuvre d'activités de conservation et de gestion des océans;0;0.0;qa_si_fiscal_yr_in_future;This fiscal year is not in scope for reporting yet.;Delete this record and resubmit with the correct fiscal year
Fisheries and Oceans Canada;2024-2025;1030;Oceans Management Program - Grants in support Indigenous Groups in the Development and Implementation of Oceans Conservation and Management Activities;Programme de gestion des océans - Subventions à l’appui des groupes autochtones dans l’élaboration et la mise en œuvre d’activités de conservation et de gestion des océans;0;0.0;qa_si_fiscal_yr_in_future;This fiscal year is not in scope for reporting yet.;Delete this record and resubmit with the correct fiscal year
Fisheries and Oceans Canada;2024-2025;1032;Salmon Conservation Stamp;Timbre de protection du saumon;0;0.0;qa_si_fiscal_yr_in_future;This fiscal year is not in scope for reporting yet.;Delete this record and resubmit with the correct fiscal year
Fisheries and Oceans Canada;2024-2025;1035;Species at Risk Act Permits;Les permis de la Loi sur les espèces en péril;0;0.0;qa_si_fiscal_yr_in_future;This fiscal year is not in scope for reporting yet.;Delete this record and resubmit with the correct fiscal year
Fisheries and Oceans Canada;2024-2025;1036;Marine Environmental and Hazards Response;Intervention dans le domaine de l'environnement marin et des risques;0;0.0;qa_si_fiscal_yr_in_future;This fiscal year is not in scope for reporting yet.;Delete this record and resubmit with the correct fiscal year
Fisheries and Oceans Canada;2024-2025;1037;Icebreaking;Déglaçage;0;0.0;qa_si_fiscal_yr_in_future;This fiscal year is not in scope for reporting yet.;Delete this record and resubmit with the correct fiscal year
Fisheries and Oceans Canada;2024-2025;1038;Provision of Distress and Safety Communications;Prestation de services de communication de détresse et de sécurité;0;0.0;qa_si_fiscal_yr_in_future;This fiscal year is not in scope for reporting yet.;Delete this record and resubmit with the correct fiscal year
Fisheries and Oceans Canada;2024-2025;1039;Provision of Marine Information;Diffusion de renseignements maritimes;0;0.0;qa_si_fiscal_yr_in_future;This fiscal year is not in scope for reporting yet.;Delete this record and resubmit with the correct fiscal year
Fisheries and Oceans Canada;2024-2025;1040;Provision of Radio Communications and Public Correspondence Service;Prestation de services de correspondance publique et de communications radio;0;0.0;qa_si_fiscal_yr_in_future;This fiscal year is not in scope for reporting yet.;Delete this record and resubmit with the correct fiscal year
Fisheries and Oceans Canada;2024-2025;1041;Search and Rescue Coordination;Recherche et sauvetage Coordination;0;0.0;qa_si_fiscal_yr_in_future;This fiscal year is not in scope for reporting yet.;Delete this record and resubmit with the correct fiscal year
Fisheries and Oceans Canada;2024-2025;1043;Search and Rescue Response;Recherche et sauvetage;0;0.0;qa_si_fiscal_yr_in_future;This fiscal year is not in scope for reporting yet.;Delete this record and resubmit with the correct fiscal year
Fisheries and Oceans Canada;2024-2025;1044;Vessel Screening and Regulation of Vessel Traffic Movements;Contrôle des navires et réglementation des mouvements du trafic maritime;0;0.0;qa_si_fiscal_yr_in_future;This fiscal year is not in scope for reporting yet.;Delete this record and resubmit with the correct fiscal year
Fisheries and Oceans Canada;2024-2025;1045;Waterways Management;Gestion des voies navigables;0;0.0;qa_si_fiscal_yr_in_future;This fiscal year is not in scope for reporting yet.;Delete this record and resubmit with the correct fiscal year
Fisheries and Oceans Canada;2024-2025;1740;Atlantic Integrated Fisheries Initiative Contribution Agreements;Ententes de contribution de l'Initiative des pêches commerciales intégrées de l'Atlantique (IPCIA);0;0.0;qa_si_fiscal_yr_in_future;This fiscal year is not in scope for reporting yet.;Delete this record and resubmit with the correct fiscal year
Fisheries and Oceans Canada;2024-2025;1741;Access to information;Accès à l'information;0;0.0;qa_si_fiscal_yr_in_future;This fiscal year is not in scope for reporting yet.;Delete this record and resubmit with the correct fiscal year
Fisheries and Oceans Canada;2024-2025;1745;Marine Environmental Data Section (MEDS);Section des données sur le milieu marin;0;0.0;qa_si_fiscal_yr_in_future;This fiscal year is not in scope for reporting yet.;Delete this record and resubmit with the correct fiscal year
Fisheries and Oceans Canada;2024-2025;1746;Ministerial Correspondence;Correspondence ministerielle;0;0.0;qa_si_fiscal_yr_in_future;This fiscal year is not in scope for reporting yet.;Delete this record and resubmit with the correct fiscal year
Fisheries and Oceans Canada;2024-2025;1747;Nautical Charts and Publications;Cartes marines et services;0;0.0;qa_si_fiscal_yr_in_future;This fiscal year is not in scope for reporting yet.;Delete this record and resubmit with the correct fiscal year
Fisheries and Oceans Canada;2024-2025;1748;Northern Integrated Fisheries Initiative Contribution Agreements;Ententes de contribution de l'InitiativeInitiative des pêches commerciales intégrées du Nord (IPCIN);0;0.0;qa_si_fiscal_yr_in_future;This fiscal year is not in scope for reporting yet.;Delete this record and resubmit with the correct fiscal year
Fisheries and Oceans Canada;2024-2025;1749;Pacific Integrated Commercial Fisheries Initiative Contribution Agreements;Ententes de contribution de l’Initiative de pêche commerciale intégrée du Pacifique (IPCIP);0;0.0;qa_si_fiscal_yr_in_future;This fiscal year is not in scope for reporting yet.;Delete this record and resubmit with the correct fiscal year
Fisheries and Oceans Canada;2024-2025;1750;Tides, Currents and Water Levels (CHS);Marées, courants et niveaux d'eau (SHC);0;0.0;qa_si_fiscal_yr_in_future;This fiscal year is not in scope for reporting yet.;Delete this record and resubmit with the correct fiscal year
Fisheries and Oceans Canada;2024-2025;2072;Quebec Fisheries Fund (QFF);Fonds des pêches du Québec (FPQ);0;0.0;qa_si_fiscal_yr_in_future;This fiscal year is not in scope for reporting yet.;Delete this record and resubmit with the correct fiscal year
Fisheries and Oceans Canada;2024-2025;2087;Indigenous Habitat Participation Program;Programme pour la participation autochtone sur les habitats;0;0.0;qa_si_fiscal_yr_in_future;This fiscal year is not in scope for reporting yet.;Delete this record and resubmit with the correct fiscal year
Fisheries and Oceans Canada;2024-2025;2091;BC Salmon Restoration and Innovation Fund (BCSRIF);Fonds de restauration et d'innovation pour le saumon de la Colombie-Britannique  (FRISB);0;0.0;qa_si_fiscal_yr_in_future;This fiscal year is not in scope for reporting yet.;Delete this record and resubmit with the correct fiscal year
Fisheries and Oceans Canada;2024-2025;2092;Marine Mammal Response Program;Programme d'intervention auprès des mammifères marins;0;0.0;qa_si_fiscal_yr_in_future;This fiscal year is not in scope for reporting yet.;Delete this record and resubmit with the correct fiscal year
Fisheries and Oceans Canada;2024-2025;2093;TMX Accommodation Measure Salish Sea Initiative (SSI);Initiative de la mer Salish (IMS);0;0.0;qa_si_fiscal_yr_in_future;This fiscal year is not in scope for reporting yet.;Delete this record and resubmit with the correct fiscal year
Fisheries and Oceans Canada;2024-2025;2112;Ecosystems and Oceans Science Contribution Framework;Cadre de contribution de Sciences des écosystèmes et des océans;0;0.0;qa_si_fiscal_yr_in_future;This fiscal year is not in scope for reporting yet.;Delete this record and resubmit with the correct fiscal year
Fisheries and Oceans Canada;2024-2025;2631;Fisheries Act   - Aquatic Invasive Species Regulations Authorizations;la Loi sur les pêches - Autorisations en vertu du Règlement sur les especes aquatiques envahisantes;0;0.0;qa_si_fiscal_yr_in_future;This fiscal year is not in scope for reporting yet.;Delete this record and resubmit with the correct fiscal year
Fisheries and Oceans Canada;2024-2025;2632;Fisheries Act   - Aquatic Invasive Species Regulations Fishing Licences;La Loi sur les pêches - permis de pêches du Règlement sur les especes aquatiques envahisantes;0;0.0;qa_si_fiscal_yr_in_future;This fiscal year is not in scope for reporting yet.;Delete this record and resubmit with the correct fiscal year
Fisheries and Oceans Canada;2024-2025;2633;Aquatic Invasive Species Program - Contribution Agreements;Programme sur les espèces aquatiques envahissantes - Ententes de contribution;0;0.0;qa_si_fiscal_yr_in_future;This fiscal year is not in scope for reporting yet.;Delete this record and resubmit with the correct fiscal year
Fisheries and Oceans Canada;2024-2025;2634;TMX Accommodation Measure Aquatic Habitat Restoration Program (AHRF);Les mesures d'accommodement TMX Fonds de restauration de l'habitat aquatique (FRHA);0;0.0;qa_si_fiscal_yr_in_future;This fiscal year is not in scope for reporting yet.;Delete this record and resubmit with the correct fiscal year
Fisheries and Oceans Canada;2024-2025;2635;TMX Accommodation Measure Terrestrial Cumulative Effects Initiative (TCEI);Les mesures d'accommodement TMX Initiative sur les effets cumulatifs en milieu terrestre (IECT);0;0.0;qa_si_fiscal_yr_in_future;This fiscal year is not in scope for reporting yet.;Delete this record and resubmit with the correct fiscal year
Fisheries and Oceans Canada;2024-2025;2636;Contributions in support of the Salmonid and Salmon Enhancement Programming;Contributions à l'appui du Programme de mise en valeur des salmonidés;0;0.0;qa_si_fiscal_yr_in_future;This fiscal year is not in scope for reporting yet.;Delete this record and resubmit with the correct fiscal year
Fisheries and Oceans Canada;2024-2025;2637;Indigenous Fisheries Management;Gestion des pêches autochtones;0;0.0;qa_si_fiscal_yr_in_future;This fiscal year is not in scope for reporting yet.;Delete this record and resubmit with the correct fiscal year
Fisheries and Oceans Canada;2024-2025;2638;Enforcement of Fisheries Legislation and Contaminated  Shellfish Harvest Areas Closure Regulations;Application des lois sur les pêches et des règlements de fermeture de  secteurs coquilliers contaminés;0;0.0;qa_si_fiscal_yr_in_future;This fiscal year is not in scope for reporting yet.;Delete this record and resubmit with the correct fiscal year
Fisheries and Oceans Canada;2024-2025;3433;Ocean And Freshwater Science Contribution Program;Programme de contributions pour la science de l’habitat d’eau douce;0;0.0;qa_si_fiscal_yr_in_future;This fiscal year is not in scope for reporting yet.;Delete this record and resubmit with the correct fiscal year
Fisheries and Oceans Canada;2024-2025;3686;Indigenous Program Agreements;Accords sur les programmes autochtones;0;0.0;qa_si_fiscal_yr_in_future;This fiscal year is not in scope for reporting yet.;Delete this record and resubmit with the correct fiscal year
Fisheries and Oceans Canada;2024-2025;3687;MPA Activity Plan Application Process;Processus de demande d'activités pour la ZPM -  Anguniaqvia niqiqyuam;0;0.0;qa_si_fiscal_yr_in_future;This fiscal year is not in scope for reporting yet.;Delete this record and resubmit with the correct fiscal year
Fisheries and Oceans Canada;2024-2025;3688;Small Craft Harbours;Ports pour petits bateaux;0;0.0;qa_si_fiscal_yr_in_future;This fiscal year is not in scope for reporting yet.;Delete this record and resubmit with the correct fiscal year
Fisheries and Oceans Canada;2024-2025;3689;Small Craft Harbours Grant and Contribution Programs;Programmes de subventions et de contributions pour les ports pour petits bateaux;0;0.0;qa_si_fiscal_yr_in_future;This fiscal year is not in scope for reporting yet.;Delete this record and resubmit with the correct fiscal year
Fisheries and Oceans Canada;2024-2025;846;Grants for the Disposal of Surplus Lighthouses;Programme de subventions et de contributions pour l'aliénation de phares excédentaires;0;0.0;qa_si_fiscal_yr_in_future;This fiscal year is not in scope for reporting yet.;Delete this record and resubmit with the correct fiscal year
Fisheries and Oceans Canada;2024-2025;956;Atlantic Fisheries Fund;Fonds des pêches de l'Atlantique;0;0.0;qa_si_fiscal_yr_in_future;This fiscal year is not in scope for reporting yet.;Delete this record and resubmit with the correct fiscal year
Fisheries and Oceans Canada;2024-2025;996;Aids to Navigation;Aides à la navigation;0;0.0;qa_si_fiscal_yr_in_future;This fiscal year is not in scope for reporting yet.;Delete this record and resubmit with the correct fiscal year
Fisheries and Oceans Canada;2024-2025;997;British Columbia Aquaculture Regulatory Program;Programme de réglementation de l'aquaculture en Colombie-Britannique - Modifications administratives;0;0.0;qa_si_fiscal_yr_in_future;This fiscal year is not in scope for reporting yet.;Delete this record and resubmit with the correct fiscal year
Fisheries and Oceans Canada;2024-2025;SRV02785;Indigenous Reconciliation Transfer Payment Program - RAP - Contributions;Programme de paiements de transfert de la réconciliation avec les Autochtones - contributions;0;0.0;qa_si_fiscal_yr_in_future;This fiscal year is not in scope for reporting yet.;Delete this record and resubmit with the correct fiscal year
Fisheries and Oceans Canada;2024-2025;SRV02786;Treaty Related Measures Contribution Agreement (TRM);Entente de contribution sur les mesures liées aux traités (ETR);0;0.0;qa_si_fiscal_yr_in_future;This fiscal year is not in scope for reporting yet.;Delete this record and resubmit with the correct fiscal year
Fisheries and Oceans Canada;2024-2025;SRV03343;Ghost Gear Fund;Fonds pour les engins fantômes;0;0.0;qa_si_fiscal_yr_in_future;This fiscal year is not in scope for reporting yet.;Delete this record and resubmit with the correct fiscal year
Fisheries and Oceans Canada;2024-2025;SRV03374;Compliance and Enforcement;Conformité et Application de la loi;0;0.0;qa_si_fiscal_yr_in_future;This fiscal year is not in scope for reporting yet.;Delete this record and resubmit with the correct fiscal year
Fisheries and Oceans Canada;2024-2025;SRV03376;Aquatic Invasive Species Prevention Fund;Fonds de prévention des espèces aquatiques envahissantes;0;0.0;qa_si_fiscal_yr_in_future;This fiscal year is not in scope for reporting yet.;Delete this record and resubmit with the correct fiscal year
Fisheries and Oceans Canada;2024-2025;SRV03377;Training And Exercising Participation Contribution Program;Programme de contribution pour la participation aux activités   de formation et d'exercice;0;0.0;qa_si_fiscal_yr_in_future;This fiscal year is not in scope for reporting yet.;Delete this record and resubmit with the correct fiscal year
Fisheries and Oceans Canada;2024-2025;SRV03386;Coastal Environmental Baseline Contribution Program;Programme de contribution environnementale côtière de référence;0;0.0;qa_si_fiscal_yr_in_future;This fiscal year is not in scope for reporting yet.;Delete this record and resubmit with the correct fiscal year
Fisheries and Oceans Canada;2024-2025;SRV03387;Indigenous Community-Boat Volunteer Contribution Program;Programme de contribution des bénévoles des communautés autochtones sur les bateaux;0;0.0;qa_si_fiscal_yr_in_future;This fiscal year is not in scope for reporting yet.;Delete this record and resubmit with the correct fiscal year
Fisheries and Oceans Canada;2024-2025;SRV03388;Certification for Canadian exporters of aquatic products under the Convention on International Trade in Endangered Species of Wild Fauna and Flora (CITES);Certification pour les exportateurs canadiens d'espèces aquatiques assujettis à la Convention sur le commerce international des espèces de faune et de flore sauvages menacées d'extinction (CITES);0;0.0;qa_si_fiscal_yr_in_future;This fiscal year is not in scope for reporting yet.;Delete this record and resubmit with the correct fiscal year
Fisheries and Oceans Canada;2024-2025;SRV03401;Community Participation And Co-Development Contribution Program;Fonds de subventions et de contributions pour la participation communautaire et le codéveloppement;0;0.0;qa_si_fiscal_yr_in_future;This fiscal year is not in scope for reporting yet.;Delete this record and resubmit with the correct fiscal year
Fisheries and Oceans Canada;2024-2025;SRV03402;Canadian Coast Guard Auxiliary Contribution Program;Fonds de contribution de la Garde côtière auxiliaire canadienne;0;0.0;qa_si_fiscal_yr_in_future;This fiscal year is not in scope for reporting yet.;Delete this record and resubmit with the correct fiscal year
Fisheries and Oceans Canada;2024-2025;SRV03415;Work Point Booking Tool;Outil de réservation pour postes de travail;0;0.0;qa_si_fiscal_yr_in_future;This fiscal year is not in scope for reporting yet.;Delete this record and resubmit with the correct fiscal year
Fisheries and Oceans Canada;2024-2025;SRV03416;Whale Protection And Recovery Initiative Contribution Program;Programme de contribution de l’Initiative de protection et de rétablissement des baleines;0;0.0;qa_si_fiscal_yr_in_future;This fiscal year is not in scope for reporting yet.;Delete this record and resubmit with the correct fiscal year
Fisheries and Oceans Canada;2024-2025;SRV03417;Commonwealth Blue Charter Champion Contribution Program;Programme de contribution des champions de la Charte bleue du Commonwealth;0;0.0;qa_si_fiscal_yr_in_future;This fiscal year is not in scope for reporting yet.;Delete this record and resubmit with the correct fiscal year
Fisheries and Oceans Canada;2024-2025;SRV03418;Sustainable Fisheries Science Fund Contribution Program (SFSRSP);Programme de contributions du Fonds des sciences halieutiques durables;0;0.0;qa_si_fiscal_yr_in_future;This fiscal year is not in scope for reporting yet.;Delete this record and resubmit with the correct fiscal year
Fisheries and Oceans Canada;2024-2025;SRV03419;Marine Environmental Quality Regulatory / Non Regulatory Measures Contribution Program;Qualité du milieu marin réglementaire / non réglementaire;0;0.0;qa_si_fiscal_yr_in_future;This fiscal year is not in scope for reporting yet.;Delete this record and resubmit with the correct fiscal year
Fisheries and Oceans Canada;2024-2025;SRV03420;Pacific Integrated Commercial Fisheries Initiative (PICFI);Initiative des pêches commerciales intégrées du Pacifique (IPCIP);0;0.0;qa_si_fiscal_yr_in_future;This fiscal year is not in scope for reporting yet.;Delete this record and resubmit with the correct fiscal year
Fisheries and Oceans Canada;2024-2025;SRV03423;Reducing The Threat Of Vessel Traffic On Marine Mammals Contribution Program;Programme de contribution pour réduire la menace du trafic maritime sur les mammifères marins;0;0.0;qa_si_fiscal_yr_in_future;This fiscal year is not in scope for reporting yet.;Delete this record and resubmit with the correct fiscal year
Fisheries and Oceans Canada;2024-2025;SRV03426;Ocean And Climate Change Science Contribution Program;Programme de contributions pour les sciences des océans et des changements climatiques;0;0.0;qa_si_fiscal_yr_in_future;This fiscal year is not in scope for reporting yet.;Delete this record and resubmit with the correct fiscal year
Fisheries and Oceans Canada;2024-2025;SRV03427;National Contaminants Advisory Group Contribution Program;Programme de contributions du Groupe consultatif national sur les contaminants;0;0.0;qa_si_fiscal_yr_in_future;This fiscal year is not in scope for reporting yet.;Delete this record and resubmit with the correct fiscal year
Fisheries and Oceans Canada;2024-2025;SRV03428;Marine Spatial Planning Contribution Program;Programme de contributions pour la planification spatiale marine;0;0.0;qa_si_fiscal_yr_in_future;This fiscal year is not in scope for reporting yet.;Delete this record and resubmit with the correct fiscal year
Fisheries and Oceans Canada;2024-2025;SRV03430;Freshwater Habitat Science Contribution Program;Programme de contributions pour les sciences des océans et des eaux douces;0;0.0;qa_si_fiscal_yr_in_future;This fiscal year is not in scope for reporting yet.;Delete this record and resubmit with the correct fiscal year
Fisheries and Oceans Canada;2024-2025;SRV03432;Freshwater Research Contribution Program;Programme de contributions pour la recherche sur l’eau douce;0;0.0;qa_si_fiscal_yr_in_future;This fiscal year is not in scope for reporting yet.;Delete this record and resubmit with the correct fiscal year
Global Affairs Canada;2023-2024;1689;Global Logistics Services;Services logistiques mondiaux;0;14053.0;qa_ss_vol_without_si_vol;The associated service standards report application volume information, but not at the service level;Include application volumes at the overall service level
Global Affairs Canada;2023-2024;1855;Travel Information Program;Programme de renseignements aux voyageurs;0;8131.0;qa_ss_vol_without_si_vol;The associated service standards report application volume information, but not at the service level;Include application volumes at the overall service level
Global Affairs Canada;2023-2024;2517;Canada Treaty Adoption Process;Processus canadien d'adoption des traités;0;620.0;qa_ss_vol_without_si_vol;The associated service standards report application volume information, but not at the service level;Include application volumes at the overall service level
Health Canada;2023-2024;1932;Status Confirmation Service (controlled substances);Service de confirmation du statut (substances désignées);0;4179.0;qa_ss_vol_without_si_vol;The associated service standards report application volume information, but not at the service level;Include application volumes at the overall service level
Health Canada;2023-2024;1943;Import-Export Permits;Permis d’importation-exportation;0;2435.0;qa_ss_vol_without_si_vol;The associated service standards report application volume information, but not at the service level;Include application volumes at the overall service level
Health Canada;2023-2024;1947;Industrial Hemp Licences;Licences liée au chanvre industriel;0;186.0;qa_ss_vol_without_si_vol;The associated service standards report application volume information, but not at the service level;Include application volumes at the overall service level
Health Canada;2023-2024;1957;Personal Registration Certificates;Certificats d’inscription personnelle;0;15384.0;qa_ss_vol_without_si_vol;The associated service standards report application volume information, but not at the service level;Include application volumes at the overall service level
Health Canada;2023-2024;1961;Issuance of Licences for controlled substances and precursor chemicals under the Controlled Drugs and Substances Act and its Regulations (New, Renewal, Amendment) (CSCB);Délivrance de licences pour des substances réglementées et des précurseurs chimiques en vertu de la loi sur les drogues et les substances réglementées et de ses règlements (nouvelles licences, renouvellements, modifications) (DGSCC);0;1162.0;qa_ss_vol_without_si_vol;The associated service standards report application volume information, but not at the service level;Include application volumes at the overall service level
Health Canada;2023-2024;1965;Exemptions to conduct research with controlled substances including clinical trials;Exemptions relatives a la recherche incluant les essais cliniques;0;1345.0;qa_ss_vol_without_si_vol;The associated service standards report application volume information, but not at the service level;Include application volumes at the overall service level
Health Canada;2023-2024;1967;Issuance of Test Kit Registrations under the Controlled Drugs and Substances Act and its Regulations;Octroi d'enregistrements de nécessaires d'essai pour les substances désignées;0;337.0;qa_ss_vol_without_si_vol;The associated service standards report application volume information, but not at the service level;Include application volumes at the overall service level
Health Canada;2023-2024;772;Food and Drugs Act Liaison Office (FDALO);Bureau de liaison pour la Loi sur les aliments et les drogues (BLLAD);0;318.0;qa_ss_vol_without_si_vol;The associated service standards report application volume information, but not at the service level;Include application volumes at the overall service level
Health Canada;2023-2024;SRV02865;Public Service Occupational Health Program;Programme de santé au travail de la fonction publique;0;14339.0;qa_ss_vol_without_si_vol;The associated service standards report application volume information, but not at the service level;Include application volumes at the overall service level
Health Canada;2023-2024;SRV02901;Substance Use and Addictions Program;Programme sur l’usage et des dépendances aux substances;0;1453.0;qa_ss_vol_without_si_vol;The associated service standards report application volume information, but not at the service level;Include application volumes at the overall service level
Health Canada;2023-2024;SRV02947;Health Surveillance and Monitoring: Incident Reporting;Surveillance et contrôle de la santé: rapports d'incidents;0;2664.0;qa_ss_vol_without_si_vol;The associated service standards report application volume information, but not at the service level;Include application volumes at the overall service level
Impact Assessment Agency of Canada;2023-2024;1679;Canadian Impact Assessment Registry;Registre canadien d’évaluation d’impact;0;8784.0;qa_ss_vol_without_si_vol;The associated service standards report application volume information, but not at the service level;Include application volumes at the overall service level
Impact Assessment Agency of Canada;2023-2024;2572;Projects subject to federal assessment under the IAA;Projets assujettis à l'évaluation fédérale en vertu de la Loi sur l'évaluation d’impact (LEI);0;10.0;qa_ss_vol_without_si_vol;The associated service standards report application volume information, but not at the service level;Include application volumes at the overall service level
Impact Assessment Agency of Canada;2023-2024;SRV02863;Requests for designation, regional assessment, and strategic assessment;Des demandes de désignation, d'évaluation régionale et d'évaluation stratégique;0;10.0;qa_ss_vol_without_si_vol;The associated service standards report application volume information, but not at the service level;Include application volumes at the overall service level
Innovation, Science and Economic Development Canada;2023-2024;1221;Bankruptcy and Insolvency Records Search;Recherche de dossiers de faillite et d'insolvabilité;0;11047.0;qa_ss_vol_without_si_vol;The associated service standards report application volume information, but not at the service level;Include application volumes at the overall service level
Innovation, Science and Economic Development Canada;2023-2024;1265;IP Advisory Services;Service de conseils en PI;0;21.0;qa_ss_vol_without_si_vol;The associated service standards report application volume information, but not at the service level;Include application volumes at the overall service level
Innovation, Science and Economic Development Canada;2023-2024;1274;Accessible Technology Development Program (ATP);Programme de développement de la technologie accessible;0;24.0;qa_ss_vol_without_si_vol;The associated service standards report application volume information, but not at the service level;Include application volumes at the overall service level
Innovation, Science and Economic Development Canada;2023-2024;1301;Clean Growth Hub;Carrefour de la croissance propre;0;305.0;qa_ss_vol_without_si_vol;The associated service standards report application volume information, but not at the service level;Include application volumes at the overall service level
Innovation, Science and Economic Development Canada;2023-2024;1333;BizPal;PerLe;0;99.0;qa_ss_vol_without_si_vol;The associated service standards report application volume information, but not at the service level;Include application volumes at the overall service level
Innovation, Science and Economic Development Canada;2023-2024;1335;Business Benefits Finder;Outil de recherche d'aide aux entreprise;0;883813.0;qa_ss_vol_without_si_vol;The associated service standards report application volume information, but not at the service level;Include application volumes at the overall service level
Innovation, Science and Economic Development Canada;2023-2024;2021;IP Data;Données sur la PI;0;1074.0;qa_ss_vol_without_si_vol;The associated service standards report application volume information, but not at the service level;Include application volumes at the overall service level
Innovation, Science and Economic Development Canada;2023-2024;2080;Canadian Industry Statistics;Statistiques relatives à l'industrie canadienne;0;19.0;qa_ss_vol_without_si_vol;The associated service standards report application volume information, but not at the service level;Include application volumes at the overall service level
Innovation, Science and Economic Development Canada;2023-2024;2082;Canadian Importers Database;Base de données sur les importateurs canadiens;0;17.0;qa_ss_vol_without_si_vol;The associated service standards report application volume information, but not at the service level;Include application volumes at the overall service level
Innovation, Science and Economic Development Canada;2023-2024;2083;Trade Data Online;Données sur le commerce en direct.;0;20.0;qa_ss_vol_without_si_vol;The associated service standards report application volume information, but not at the service level;Include application volumes at the overall service level
Innovation, Science and Economic Development Canada;2023-2024;2084;Financial Performance Data;Données sur la performance financière;0;12.0;qa_ss_vol_without_si_vol;The associated service standards report application volume information, but not at the service level;Include application volumes at the overall service level
Innovation, Science and Economic Development Canada;2023-2024;2216;IP Education, tools, and resources;Éducation, outils et ressources en matière de PI;0;200.0;qa_ss_vol_without_si_vol;The associated service standards report application volume information, but not at the service level;Include application volumes at the overall service level
Innovation, Science and Economic Development Canada;2023-2024;2217;Register Integrated Circuit Topography;Enregistrement de topographies de circuits intégrés;0;1.0;qa_ss_vol_without_si_vol;The associated service standards report application volume information, but not at the service level;Include application volumes at the overall service level
Innovation, Science and Economic Development Canada;2023-2024;2222;Canada Digital Adoption Program - Grow Your Business Online;Programme canadien d’adoption du numérique - Développer vos activités commerciales en ligne;0;673.0;qa_ss_vol_without_si_vol;The associated service standards report application volume information, but not at the service level;Include application volumes at the overall service level
Innovation, Science and Economic Development Canada;2023-2024;2227;Strategic Science Fund (SSF);Fonds stratégique des sciences (FSS);0;65.0;qa_ss_vol_without_si_vol;The associated service standards report application volume information, but not at the service level;Include application volumes at the overall service level
Innovation, Science and Economic Development Canada;2023-2024;2228;CRC-Intellectual Property Licensing;Licences de propriété intellectuelle;0;2.0;qa_ss_vol_without_si_vol;The associated service standards report application volume information, but not at the service level;Include application volumes at the overall service level
Innovation, Science and Economic Development Canada;2023-2024;2235;Accelerated Growth Service;Service croissance accélérée;0;543.0;qa_ss_vol_without_si_vol;The associated service standards report application volume information, but not at the service level;Include application volumes at the overall service level
Innovation, Science and Economic Development Canada;2023-2024;2237;ExploreIP;ExplorerPI;0;9228.0;qa_ss_vol_without_si_vol;The associated service standards report application volume information, but not at the service level;Include application volumes at the overall service level
Innovation, Science and Economic Development Canada;2023-2024;3599;Global Innovation Clusters Program;grappes mondiales de l’innovation;0;36.0;qa_ss_vol_without_si_vol;The associated service standards report application volume information, but not at the service level;Include application volumes at the overall service level
Innovation, Science and Economic Development Canada;2023-2024;SRV02890;Weights and Measures Calibration;L'étalonnage des appareils de pesage et de mesure;0;1529.0;qa_ss_vol_without_si_vol;The associated service standards report application volume information, but not at the service level;Include application volumes at the overall service level
Innovation, Science and Economic Development Canada;2023-2024;SRV03226;Satellite Operations;Opérations par satellite;0;57.0;qa_ss_vol_without_si_vol;The associated service standards report application volume information, but not at the service level;Include application volumes at the overall service level
Innovation, Science and Economic Development Canada;2023-2024;SRV03248;Electricity and Natural Gas Meter Inspection;Inspections de compteurs d'électricité et de gaz naturel;0;1793.0;qa_ss_vol_without_si_vol;The associated service standards report application volume information, but not at the service level;Include application volumes at the overall service level
Innovation, Science and Economic Development Canada;2023-2024;SRV03267;Electricity and Natural Gas Measuring Apparatus Accuracy;Précision des appareils de mesure de l'électricité et de gaz naturel;0;648.0;qa_ss_vol_without_si_vol;The associated service standards report application volume information, but not at the service level;Include application volumes at the overall service level
Military Police Complaints Commission of Canada;2024-2025;424;Interference Complaints;Plaintes pour ingérence;0;0.0;qa_si_fiscal_yr_in_future;This fiscal year is not in scope for reporting yet.;Delete this record and resubmit with the correct fiscal year
National Research Council Canada;2023-2024;1275;IRAP Grants and Contributions;Subventions et contributions du PARI;0;33567.0;qa_ss_vol_without_si_vol;The associated service standards report application volume information, but not at the service level;Include application volumes at the overall service level
National Research Council Canada;2023-2024;1554;Canada's official time;Heure officielle du Canada;0;435678.0;qa_ss_vol_without_si_vol;The associated service standards report application volume information, but not at the service level;Include application volumes at the overall service level
National Research Council Canada;2023-2024;1556;Calibration laboratory assessment service;Service d'évaluation des laboratoires d'étalonnage;0;20.0;qa_ss_vol_without_si_vol;The associated service standards report application volume information, but not at the service level;Include application volumes at the overall service level
National Research Council Canada;2023-2024;1560;IRAP Advisory Services through Contributions to Organizations;Services-conseils du PARI - contributions aux organismes;0;5385.0;qa_ss_vol_without_si_vol;The associated service standards report application volume information, but not at the service level;Include application volumes at the overall service level
Natural Resources Canada;2023-2024;1674;Canadian Certified Reference Materials Project;Projet canadien des matériaux de référence certifiés;0;402.0;qa_ss_vol_without_si_vol;The associated service standards report application volume information, but not at the service level;Include application volumes at the overall service level
Natural Resources Canada;2023-2024;1711;Open Science & Technology Repository (OSTR);Dépôt ouvert des sciences & technologies (DOST);0;1700.0;qa_ss_vol_without_si_vol;The associated service standards report application volume information, but not at the service level;Include application volumes at the overall service level
Natural Resources Canada;2023-2024;1712;Natural Resources Canada Library;Bibliothèque de Ressources naturelles Canada;0;3167.0;qa_ss_vol_without_si_vol;The associated service standards report application volume information, but not at the service level;Include application volumes at the overall service level
Natural Resources Canada;2023-2024;2607;Support for research on Woodland Caribou in support of conservation;Appuyer les recherches sur le caribou des bois à l'appui de la conservation de cette espèce en péril;0;7.0;qa_ss_vol_without_si_vol;The associated service standards report application volume information, but not at the service level;Include application volumes at the overall service level
Natural Resources Canada;2023-2024;2614;Contributions in support of Accommodation Measures for Trans Mountain Expansion;Contributions à l'appui des mesures d'accommodement du projet d'agrandissement du réseau de Trans Mountain;0;133.0;qa_ss_vol_without_si_vol;The associated service standards report application volume information, but not at the service level;Include application volumes at the overall service level
Natural Resources Canada;2023-2024;2618;Emissions Reduction Fund - Onshore Program;Fond de réduction des émissions - programme d'installations terrestres;0;23.0;qa_ss_vol_without_si_vol;The associated service standards report application volume information, but not at the service level;Include application volumes at the overall service level
Natural Resources Canada;2023-2024;2620;Canadian Geospatial Data Infrastructure: Geospatial Web Services;Infrastructure canadienne de données géospatiales: Services web géospatiaux;0;48.0;qa_ss_vol_without_si_vol;The associated service standards report application volume information, but not at the service level;Include application volumes at the overall service level
Natural Resources Canada;2023-2024;2915;Youth Employment and Skills Strategy - S & T Internship Program - Green Jobs;Stratégie emploi et compétences jeunesse - le Programme de stages en sciences et technologie - emplois verts;0;34.0;qa_ss_vol_without_si_vol;The associated service standards report application volume information, but not at the service level;Include application volumes at the overall service level
Natural Resources Canada;2023-2024;2917;Open Science and Data Platform;Plateforme de science et de données ouvertes;0;45000.0;qa_ss_vol_without_si_vol;The associated service standards report application volume information, but not at the service level;Include application volumes at the overall service level
Natural Resources Canada;2023-2024;2918;Emissions Reduction Fund Offshore Deployment Program;Programme de déploiement extracôtier du fonds de réduction des émissions;0;2.0;qa_ss_vol_without_si_vol;The associated service standards report application volume information, but not at the service level;Include application volumes at the overall service level
Natural Resources Canada;2023-2024;2919;Smart Grid Deployment Program;Programme de déploiement de réseaux intelligents;0;3.0;qa_ss_vol_without_si_vol;The associated service standards report application volume information, but not at the service level;Include application volumes at the overall service level
Natural Resources Canada;2023-2024;2920;Emerging Renewable Power Program;Programme des énergies renouvelables émergentes;0;8.0;qa_ss_vol_without_si_vol;The associated service standards report application volume information, but not at the service level;Include application volumes at the overall service level
Natural Sciences and Engineering Research Council of Canada;2023-2024;691;Funding Transfers to Administering Institutions;Transferts des fonds de subventions et de bourses aux établissements administrateurs;0;26.0;qa_ss_vol_without_si_vol;The associated service standards report application volume information, but not at the service level;Include application volumes at the overall service level
Office of the Auditor General of Canada;2023-2024;SRV02829;Financial audits of territorial organizations;Audits financiers des organisations territoriales;0;22.0;qa_ss_vol_without_si_vol;The associated service standards report application volume information, but not at the service level;Include application volumes at the overall service level
Office of the Auditor General of Canada;2023-2024;SRV02849;Financial audits of international organizations;Audits financiers des organisations internationales;0;8.0;qa_ss_vol_without_si_vol;The associated service standards report application volume information, but not at the service level;Include application volumes at the overall service level
Office of the Auditor General of Canada;2023-2024;SRV02850;Performance audits of territorial Organizations;Audit de performance d’organisations territoriales;0;4.0;qa_ss_vol_without_si_vol;The associated service standards report application volume information, but not at the service level;Include application volumes at the overall service level
Office of the Auditor General of Canada;2023-2024;SRV02851;International Relations Correspondence;Correspondance pour les relations internationales;0;50.0;qa_ss_vol_without_si_vol;The associated service standards report application volume information, but not at the service level;Include application volumes at the overall service level
Office of the Auditor General of Canada;2023-2024;SRV02855;Public inquiries;Demandes de renseignements du public;0;228.0;qa_ss_vol_without_si_vol;The associated service standards report application volume information, but not at the service level;Include application volumes at the overall service level
Office of the Auditor General of Canada;2023-2024;SRV02856;Media relations;Relations avec les médias;0;256.0;qa_ss_vol_without_si_vol;The associated service standards report application volume information, but not at the service level;Include application volumes at the overall service level
Office of the Commissioner for Federal Judicial Affairs Canada;2023-2024;1;Payment of judges' salaries;Paiement des salaires des juges;237;0.0;qa_duplicate_sid;This service id has already been assigned to a different service.;Request new service IDs from the service policy team
Office of the Commissioner for Federal Judicial Affairs Canada;2023-2024;2;Payment of judges' allowance claims;Paiement des indemnités de juges;23324;3068.0;qa_duplicate_sid;This service id has already been assigned to a different service.;Request new service IDs from the service policy team
Office of the Commissioner for Federal Judicial Affairs Canada;2023-2024;3;Administration of the federal judicial appointment process;Administration du processus de nomination des juges fédérale;407;8264.0;qa_duplicate_sid;This service id has already been assigned to a different service.;Request new service IDs from the service policy team
Office of the Commissioner for Federal Judicial Affairs Canada;2023-2024;4;Judges' Language Training;Formation linguistique des juges;326;52.0;qa_duplicate_sid;This service id has already been assigned to a different service.;Request new service IDs from the service policy team
Office of the Commissioner for Federal Judicial Affairs Canada;2023-2024;7;Administration of JUDICOM;Administration de JUDICOM;189;9094773.0;qa_duplicate_sid;This service id has already been assigned to a different service.;Request new service IDs from the service policy team
Office of the Superintendent of Financial Institutions Canada;2023-2024;1220;Approvals;Approbations;0;1110.0;qa_ss_vol_without_si_vol;The associated service standards report application volume information, but not at the service level;Include application volumes at the overall service level
Office of the Superintendent of Financial Institutions Canada;2023-2024;1228;Rulings / Interpretations;Décisions / interprétations;0;1.0;qa_ss_vol_without_si_vol;The associated service standards report application volume information, but not at the service level;Include application volumes at the overall service level
Office of the Superintendent of Financial Institutions Canada;2023-2024;1249;Copies of Corporate Documents and Certificates;Copies de documents constitutifs et certificats;0;795.0;qa_ss_vol_without_si_vol;The associated service standards report application volume information, but not at the service level;Include application volumes at the overall service level
Office of the Superintendent of Financial Institutions Canada;2023-2024;1251;Capital Confirmations;Confirmations de la qualité des fonds propres;0;24.0;qa_ss_vol_without_si_vol;The associated service standards report application volume information, but not at the service level;Include application volumes at the overall service level
Pacific Economic Development Agency of Canada;2023-2024;SRV03458;Web Inquiries;Demandes de renseignements sur le Web;0;1042.0;qa_ss_vol_without_si_vol;The associated service standards report application volume information, but not at the service level;Include application volumes at the overall service level
Parks Canada;2023-2024;955;Townsite Management;Gestion des lotissements urbains;0;2100.0;qa_ss_vol_without_si_vol;The associated service standards report application volume information, but not at the service level;Include application volumes at the overall service level
Parks Canada;2023-2024;SRV03421;Human-Wildlife Coexistence- Incident Response and Safety Management;Coexistence entre l'homme et la faune - Réponse aux incidents et gestion de la sécurité;0;9454.0;qa_ss_vol_without_si_vol;The associated service standards report application volume information, but not at the service level;Include application volumes at the overall service level
Prairies Economic Development Canada;2023-2024;22;Web Inquiries;Demandes de renseignements sur le Web;0;302.0;qa_ss_vol_without_si_vol;The associated service standards report application volume information, but not at the service level;Include application volumes at the overall service level
Public Health Agency of Canada;2023-2024;1132;Diagnostic Testing and Reference Services;Tests de diagnostic et Services de référence;0;90555.0;qa_ss_vol_without_si_vol;The associated service standards report application volume information, but not at the service level;Include application volumes at the overall service level
Public Health Agency of Canada;2023-2024;1142;Microbiological Emergency Response Team;Équipe d'intervention d'urgence;0;2.0;qa_ss_vol_without_si_vol;The associated service standards report application volume information, but not at the service level;Include application volumes at the overall service level
Public Health Agency of Canada;2023-2024;2265;Travel Health Advice;Conseils de santé aux voyageurs;0;165012847.0;qa_ss_vol_without_si_vol;The associated service standards report application volume information, but not at the service level;Include application volumes at the overall service level
Public Health Agency of Canada;2023-2024;2293;COVID-19 Public Enquiries;Demandes de renseignement sur la COVID-19;0;5244.0;qa_ss_vol_without_si_vol;The associated service standards report application volume information, but not at the service level;Include application volumes at the overall service level
Public Health Agency of Canada;2023-2024;898;Public Enquiries;Demandes de renseignement;0;3722.0;qa_ss_vol_without_si_vol;The associated service standards report application volume information, but not at the service level;Include application volumes at the overall service level
Public Health Agency of Canada;2023-2024;SRV02908;Correspondence Referrals to other Departments (dep't email, contact us page);Correspondance Renvois vers d'autres départements (courriel du département, page Contactez-nous);0;450.0;qa_ss_vol_without_si_vol;The associated service standards report application volume information, but not at the service level;Include application volumes at the overall service level
Public Health Agency of Canada;2023-2024;SRV02909;Departmental Correspondence (not including referrals);Correspondance ministérielle (à l'exclusion des renvois);0;231.0;qa_ss_vol_without_si_vol;The associated service standards report application volume information, but not at the service level;Include application volumes at the overall service level
Public Health Agency of Canada;2023-2024;SRV02910;Public Enquiries (not referrals);Demandes de renseignements du public (pas de renvois);0;2265.0;qa_ss_vol_without_si_vol;The associated service standards report application volume information, but not at the service level;Include application volumes at the overall service level
Public Health Agency of Canada;2023-2024;SRV02911;Ministerial Correspondence (SPB);Correspondance ministérielle (DGPS);0;276.0;qa_ss_vol_without_si_vol;The associated service standards report application volume information, but not at the service level;Include application volumes at the overall service level
Public Safety Canada;2023-2024;278;COSPAS-SARSAT Secretariat Contribution;Contribution du secrétariat COSPAS-SARSAT;0;1.0;qa_ss_vol_without_si_vol;The associated service standards report application volume information, but not at the service level;Include application volumes at the overall service level
Public Safety Canada;2023-2024;283;Search and Rescue Volunteer Association of Canada Contribution;Programme de contribution de l'Association canadienne des volontaires en recherche et de sauvetage;0;3.0;qa_ss_vol_without_si_vol;The associated service standards report application volume information, but not at the service level;Include application volumes at the overall service level
Public Safety Canada;2023-2024;284;Workers Compensation Program;Programme d'indemnisation des travailleurs;0;5.0;qa_ss_vol_without_si_vol;The associated service standards report application volume information, but not at the service level;Include application volumes at the overall service level
Public Safety Canada;2023-2024;288;Youth Gang Prevention Fund;Fonds de lutte contre les activités des gangs de jeunes;0;29.0;qa_ss_vol_without_si_vol;The associated service standards report application volume information, but not at the service level;Include application volumes at the overall service level
Public Safety Canada;2023-2024;339;International Association of Fire Fighters;Programme de contribution a l'Association international des pompiers;0;2.0;qa_ss_vol_without_si_vol;The associated service standards report application volume information, but not at the service level;Include application volumes at the overall service level
Public Safety Canada;2023-2024;351;Gun and Gang Violence Action Fund;Fonds de lutte contre la violence liée aux armes à feu et aux gangs;0;11.0;qa_ss_vol_without_si_vol;The associated service standards report application volume information, but not at the service level;Include application volumes at the overall service level
Public Safety Canada;2023-2024;779;Emergency Management Exercises;Exercices de gestion des urgences;0;154.0;qa_ss_vol_without_si_vol;The associated service standards report application volume information, but not at the service level;Include application volumes at the overall service level
Public Safety Canada;2023-2024;795;Cyber Security Cooperation Program;Programme de coopération en matière de cybersécurité;0;21.0;qa_ss_vol_without_si_vol;The associated service standards report application volume information, but not at the service level;Include application volumes at the overall service level
Public Safety Canada;2023-2024;814;Nation's Capital Extraordinary Policing Costs;Contribution pour les coûts extraordinaire des services de police de la capitale nationale;0;2.0;qa_ss_vol_without_si_vol;The associated service standards report application volume information, but not at the service level;Include application volumes at the overall service level
Public Safety Canada;2023-2024;815;National Flagging System Class Grant;Global de subventions du système national de repérage;0;9.0;qa_ss_vol_without_si_vol;The associated service standards report application volume information, but not at the service level;Include application volumes at the overall service level
Public Safety Canada;2023-2024;816;Grants and Contributions Program to National Voluntary Organizations;Programme de subventions et de contributions pour les organismes bénévoles nationaux;0;53.0;qa_ss_vol_without_si_vol;The associated service standards report application volume information, but not at the service level;Include application volumes at the overall service level
Public Safety Canada;2023-2024;817;Biology Casework Analysis Contribution Program;Programme de contribution aux analyses biologiques;0;3.0;qa_ss_vol_without_si_vol;The associated service standards report application volume information, but not at the service level;Include application volumes at the overall service level
Public Safety Canada;2023-2024;822;Crime Prevention Inventory;Répertoire en prévention du crime;0;45.0;qa_ss_vol_without_si_vol;The associated service standards report application volume information, but not at the service level;Include application volumes at the overall service level
Public Safety Canada;2023-2024;838;NewsDesk;InfoMedia;0;1664.0;qa_ss_vol_without_si_vol;The associated service standards report application volume information, but not at the service level;Include application volumes at the overall service level
Public Safety Canada;2023-2024;840;Coordination of Federal Emergency Management (Government Operations Centre);Coordination de la gestion fédérale des situations d'urgence (Centre des opérations du gouvernement);0;970.0;qa_ss_vol_without_si_vol;The associated service standards report application volume information, but not at the service level;Include application volumes at the overall service level
Public Safety Canada;2023-2024;SRV02776;Public Awareness Contribution Program (PACP);Programme de contribution à la sensibilisation du publique (PCEP);0;3.0;qa_ss_vol_without_si_vol;The associated service standards report application volume information, but not at the service level;Include application volumes at the overall service level
Public Services and Procurement Canada;2023-2024;1103;IT Interoperability  - GC Interop;Interopérabilité TI - GC Interop;0;9720.0;qa_ss_vol_without_si_vol;The associated service standards report application volume information, but not at the service level;Include application volumes at the overall service level
Public Services and Procurement Canada;2023-2024;1144;Pay and Benefits;Rémunération et avantages sociaux;0;2209736.0;qa_ss_vol_without_si_vol;The associated service standards report application volume information, but not at the service level;Include application volumes at the overall service level
Public Services and Procurement Canada;2023-2024;901;Receiver General Services – Management of Government of Canada Deposits;Services du receveur général ‒ Gestion des dépôts du gouvernement du Canada;0;1.0;qa_ss_vol_without_si_vol;The associated service standards report application volume information, but not at the service level;Include application volumes at the overall service level
Public Services and Procurement Canada;2023-2024;902;Receiver General Services – Issuing payments;Services du receveur général Émission de paiements;0;406048035.0;qa_ss_vol_without_si_vol;The associated service standards report application volume information, but not at the service level;Include application volumes at the overall service level
Public Services and Procurement Canada;2023-2024;903;Common Departmental Financial System;Système financier ministériel commun;0;4743.0;qa_ss_vol_without_si_vol;The associated service standards report application volume information, but not at the service level;Include application volumes at the overall service level
Public Services and Procurement Canada;2023-2024;904;Document Imaging Services;Services d'imagerie documentaire;0;33271010.0;qa_ss_vol_without_si_vol;The associated service standards report application volume information, but not at the service level;Include application volumes at the overall service level
Public Services and Procurement Canada;2023-2024;905;Canadian General Standards Board;Office des normes générales du Canada;0;15.0;qa_ss_vol_without_si_vol;The associated service standards report application volume information, but not at the service level;Include application volumes at the overall service level
Public Services and Procurement Canada;2023-2024;909;Advertising – Coordination, Advisory and Training Services;"Publicité ‒ 
Services de coordination, services-conseils et de formation";0;256.0;qa_ss_vol_without_si_vol;The associated service standards report application volume information, but not at the service level;Include application volumes at the overall service level
Public Services and Procurement Canada;2023-2024;910;Public Opinion Research – Coordination, Advisory and Knowledge Management Services;Recherche sur l'opinion publique ‒ Services de coordination, services-conseils et services de gestion des connaissances;0;155.0;qa_ss_vol_without_si_vol;The associated service standards report application volume information, but not at the service level;Include application volumes at the overall service level
Royal Canadian Mounted Police;2023-2024;2456;Support to employees and veterans experiencing symptoms of or who have been diagnosed with an operational stress injury;Soutien aux employés et vétérans présentant des symptômes ou ayant reçu un diagnostic de traumatisme lié au stress opérationnel;0;500.0;qa_ss_vol_without_si_vol;The associated service standards report application volume information, but not at the service level;Include application volumes at the overall service level
Royal Canadian Mounted Police;2023-2024;936;National Law Enforcement Training (NLET);Groupe de la formation policière nationale (GFPN);0;4.0;qa_ss_vol_without_si_vol;The associated service standards report application volume information, but not at the service level;Include application volumes at the overall service level
Royal Canadian Mounted Police;2024-2025;SRV02975;Strategic Policing Agreements and Service;Accords de services de police stratégiques et Service;0;0.0;qa_si_fiscal_yr_in_future;This fiscal year is not in scope for reporting yet.;Delete this record and resubmit with the correct fiscal year
Social Sciences and Humanities Research Council of Canada;2023-2024;425;Direct Funding Payments;Paiements d'aide financière directs;0;949.0;qa_ss_vol_without_si_vol;The associated service standards report application volume information, but not at the service level;Include application volumes at the overall service level
Social Sciences and Humanities Research Council of Canada;2023-2024;655;Grant, Scholarship and Fellowship Funding Transfers to Administering Institution;Transferts de subventions et de bourses d'études et de perfectionnement à des établissements administrateurs;0;23502.0;qa_ss_vol_without_si_vol;The associated service standards report application volume information, but not at the service level;Include application volumes at the overall service level
Statistics Canada;2023-2024;1046;Release of Statistical Data on International Trade;Diffusion de données statistiques sur le commerce international;0;50.0;qa_ss_vol_without_si_vol;The associated service standards report application volume information, but not at the service level;Include application volumes at the overall service level
Statistics Canada;2023-2024;1047;Release of Statistical Data on Balance of Payment;Diffusion de données statistiques sur la balance de paiement;0;245.0;qa_ss_vol_without_si_vol;The associated service standards report application volume information, but not at the service level;Include application volumes at the overall service level
Statistics Canada;2023-2024;1317;Release of Statistical Data on the Monthly Gross Domestic Product (GDP) by Industry;Diffusion de données statistiques sur le produit intérieur brut mensuel (PIB) par industrie;0;24.0;qa_ss_vol_without_si_vol;The associated service standards report application volume information, but not at the service level;Include application volumes at the overall service level
Statistics Canada;2023-2024;1318;Release of Statistical Data on the Quarterly Gross Domestic Product (GDP);Diffusion de données statistiques sur le produit intérieur brut trimestriel (PIB);0;12.0;qa_ss_vol_without_si_vol;The associated service standards report application volume information, but not at the service level;Include application volumes at the overall service level
Statistics Canada;2023-2024;1319;Release of Statistical Data on Manufacturing Sector;Diffusion de données statistiques sur le secteur de la fabrication;0;12.0;qa_ss_vol_without_si_vol;The associated service standards report application volume information, but not at the service level;Include application volumes at the overall service level
Statistics Canada;2023-2024;1321;Release of Statistical Data on Enterprise Finances;Diffusion de données statistiques sur les finances des entreprises;0;113.0;qa_ss_vol_without_si_vol;The associated service standards report application volume information, but not at the service level;Include application volumes at the overall service level
Statistics Canada;2023-2024;1327;Release of Statistical Data on Wholesale Trade;Diffusion de données statistiques sur le  commerce de gros;0;4.0;qa_ss_vol_without_si_vol;The associated service standards report application volume information, but not at the service level;Include application volumes at the overall service level
Statistics Canada;2023-2024;1351;Release of Statistical Data on Census of Population;Diffusion de données statistiques sur le Recensement de la population;0;4.0;qa_ss_vol_without_si_vol;The associated service standards report application volume information, but not at the service level;Include application volumes at the overall service level
Statistics Canada;2023-2024;1391;View our Reference Resources;Consultez nos ressources de références;0;245.0;qa_ss_vol_without_si_vol;The associated service standards report application volume information, but not at the service level;Include application volumes at the overall service level
Statistics Canada;2023-2024;1393;Read our Analysis;Lisez nos analyses;0;48.0;qa_ss_vol_without_si_vol;The associated service standards report application volume information, but not at the service level;Include application volumes at the overall service level
Statistics Canada;2023-2024;1415;Access our Statistical Data;Accédez à nos données statistiques;0;245.0;qa_ss_vol_without_si_vol;The associated service standards report application volume information, but not at the service level;Include application volumes at the overall service level
The Correctional Investigator Canada;2024-2025;1823;Investigate Federal Offender Concerns;Enquêter sur les préoccupations des délinquants fédéraux;0;0.0;qa_si_fiscal_yr_in_future;This fiscal year is not in scope for reporting yet.;Delete this record and resubmit with the correct fiscal year
The Correctional Investigator Canada;2024-2025;1824;Access to Information and Privacy;Demande de d'accès à l'information et aux renseignements personnels;31;0.0;qa_si_fiscal_yr_in_future;This fiscal year is not in scope for reporting yet.;Delete this record and resubmit with the correct fiscal year
The Correctional Investigator Canada;2024-2025;1825;Public and Media Enquiries;Demandes du publique et des médias;0;0.0;qa_si_fiscal_yr_in_future;This fiscal year is not in scope for reporting yet.;Delete this record and resubmit with the correct fiscal year
Transport Canada;2023-2024;SRV03490;Access Public Ports Facilities;Accès aux Installations des Ports Publics;0;500.0;qa_ss_vol_without_si_vol;The associated service standards report application volume information, but not at the service level;Include application volumes at the overall service level
Transport Canada;2023-2024;SRV03538;Access defect and recall information;Accéder aux informations sur les défauts et les rappels;0;736.0;qa_ss_vol_without_si_vol;The associated service standards report application volume information, but not at the service level;Include application volumes at the overall service level
Treasury Board of Canada Secretariat;2023-2024;1094;People Information Management Automated Request Tracker - Information/Data Request Service;Renseignements de gestion des personnes et données sur les demandes de service;0;12.0;qa_ss_vol_without_si_vol;The associated service standards report application volume information, but not at the service level;Include application volumes at the overall service level
Treasury Board of Canada Secretariat;2023-2024;1350;Classification Program;Programme de classification;0;307.0;qa_ss_vol_without_si_vol;The associated service standards report application volume information, but not at the service level;Include application volumes at the overall service level
Treasury Board of Canada Secretariat;2023-2024;2016;Interchange Canada;Échanges Canada;0;679.0;qa_ss_vol_without_si_vol;The associated service standards report application volume information, but not at the service level;Include application volumes at the overall service level
Treasury Board of Canada Secretariat;2023-2024;2032;GC Digital Talent;Talents numériques du GC;17367;6552.0;qa_duplicate_sid;This service id has already been assigned to a different service.;Request new service IDs from the service policy team
Treasury Board of Canada Secretariat;2023-2024;2040;Treasury Board Policy Suite Website;Site Web des politiques du Conseil du Trésor;0;12.0;qa_ss_vol_without_si_vol;The associated service standards report application volume information, but not at the service level;Include application volumes at the overall service level
Treasury Board of Canada Secretariat;2023-2024;2241;Public Service Employee Survey (PSES);Sondage auprès des fonctionnaires fédéraux (SAFF);0;12.0;qa_ss_vol_without_si_vol;The associated service standards report application volume information, but not at the service level;Include application volumes at the overall service level
Treasury Board of Canada Secretariat;2023-2024;2261;Repository of Federal Public Sector (Core Public Administration) Collective Agreements;Répertoire des conventions collectives du secteur public fédéral (administration publique centrale);0;12.0;qa_ss_vol_without_si_vol;The associated service standards report application volume information, but not at the service level;Include application volumes at the overall service level
Veterans Affairs Canada;2023-2024;1277;Care and Maintenance of Veterans' Graves;Programme d'entretien des stèles funéraires;0;287.0;qa_ss_vol_without_si_vol;The associated service standards report application volume information, but not at the service level;Include application volumes at the overall service level
Veterans Affairs Canada;2023-2024;1279;Public Recognition and Awareness;Reconnaissance et sensibilisation du public;0;19023.0;qa_ss_vol_without_si_vol;The associated service standards report application volume information, but not at the service level;Include application volumes at the overall service level
Veterans Affairs Canada;2023-2024;1561;Legal Advice, Counsel, and Representation for Veterans;Avis, conseils et représentation juridiques destinés aux vétérans;0;4071.0;qa_ss_vol_without_si_vol;The associated service standards report application volume information, but not at the service level;Include application volumes at the overall service level
Veterans Affairs Canada;2023-2024;2375;National Contact Centre Network (NCCN);Réseau national des centres de contact (RNCC);0;365596.0;qa_ss_vol_without_si_vol;The associated service standards report application volume information, but not at the service level;Include application volumes at the overall service level
Veterans Review and Appeal Board;2023-2024;53;Review and Appeal hearings;Audiences de révision et d'appel;0;4755.0;qa_ss_vol_without_si_vol;The associated service standards report application volume information, but not at the service level;Include application volumes at the overall service level

Timestamp:2024-12-11_20:07:17
