fiscal_yr;org_id;department_en;department_fr;service_with_std_count;service_count_maf1;maf1_score;service_standard_met;service_standard_count;maf2_score;online_e2e_count;service_count_maf5;maf5_score;activated_point_count;point_count;maf6_score;improved_services_count;service_count_maf8;maf8_score
2018-2019;539;Administrative Tribunals Support Service of Canada;Service canadien d'appui aux tribunaux administratifs;2;4;50.0;1.0;2.0;50.0;0;4;0.0;2.0;6.0;33.33333333333333;0;4;0.0
2018-2019;1;Agriculture and Agri-Food Canada;Agriculture et Agroalimentaire Canada;30;30;100.0;88.0;112.0;78.57142857142857;9;30;30.0;107.0;159.0;67.29559748427673;0;30;0.0
2018-2019;12;Atlantic Canada Opportunities Agency;Agence de promotion économique du Canada atlantique;3;5;60.0;4.0;7.0;57.14285714285714;1;5;20.0;11.0;13.0;84.61538461538461;0;5;0.0
2018-2019;26;Canada Border Services Agency;Agence des services frontaliers du Canada;27;42;64.28571428571429;26.0;43.0;60.46511627906976;2;42;4.761904761904762;32.0;179.0;17.877094972067038;0;42;0.0
2018-2019;141;Canada Economic Development for Quebec Regions;Développement économique Canada pour les régions du Québec;2;3;66.66666666666666;1.0;7.0;14.285714285714285;0;3;0.0;4.0;13.0;30.76923076923077;0;3;0.0
2018-2019;221;Canada Energy Regulator;Régie de l'énergie du Canada;12;12;100.0;12.0;13.0;92.3076923076923;2;12;16.666666666666664;32.0;68.0;47.05882352941176;0;12;0.0
2018-2019;46;Canada Revenue Agency;Agence du revenu du Canada;10;24;41.66666666666667;7.0;16.0;43.75;6;24;25.0;85.0;112.0;75.89285714285714;0;24;0.0
2018-2019;47;Canada School of Public Service;École de la fonction publique du Canada;2;3;66.66666666666666;3.0;4.0;75.0;1;3;33.33333333333333;7.0;15.0;46.666666666666664;0;3;0.0
2018-2019;65;Canadian Food Inspection Agency;Agence canadienne d'inspection des aliments;6;6;100.0;7.0;8.0;87.5;4;6;66.66666666666666;24.0;27.0;88.88888888888889;0;6;0.0
2018-2019;69;Canadian Grain Commission;Commission canadienne des grains;0;1;0.0;;;;0;1;0.0;0.0;6.0;0.0;0;1;0.0
2018-2019;122;Canadian Heritage;Patrimoine canadien;23;25;92.0;45.0;48.0;93.75;0;25;0.0;19.0;144.0;13.194444444444445;0;25;0.0
2018-2019;71;Canadian Human Rights Commission;Commission canadienne des droits de la personne;0;3;0.0;;;;0;3;0.0;4.0;12.0;33.33333333333333;0;3;0.0
2018-2019;74;Canadian Institutes of Health Research;Instituts de recherche en santé du Canada;1;7;14.285714285714285;3.0;3.0;100.0;2;7;28.57142857142857;11.0;34.0;32.35294117647059;0;7;0.0
2018-2019;76;Canadian Intergovernmental Conference Secretariat;Secrétariat des conférences intergouvernementales canadiennes;2;2;100.0;2.0;2.0;100.0;0;2;0.0;6.0;8.0;75.0;0;2;0.0
2018-2019;86;Canadian Northern Economic Development Agency;Agence canadienne de développement économique du Nord;2;3;66.66666666666666;3.0;4.0;75.0;1;3;33.33333333333333;6.0;12.0;50.0;0;3;0.0
2018-2019;87;Canadian Nuclear Safety Commission;Commission canadienne de sûreté nucléaire;7;7;100.0;11.0;11.0;100.0;0;7;0.0;;;;0;7;0.0
2018-2019;93;Canadian Radio-television and Telecommunications Commission;Conseil de la radiodiffusion et des télécommunications canadiennes;4;4;100.0;1.0;3.0;33.33333333333333;1;4;25.0;11.0;14.0;78.57142857142857;0;4;0.0
2018-2019;95;Canadian Space Agency;Agence spatiale canadienne;10;11;90.9090909090909;4.0;14.0;28.57142857142857;2;11;18.181818181818183;23.0;53.0;43.39622641509434;0;11;0.0
2018-2019;99;Canadian Transportation Agency;Office des transports du Canada;3;5;60.0;1.0;5.0;20.0;0;5;0.0;8.0;30.0;26.666666666666668;0;5;0.0
2018-2019;114;Copyright Board Canada;Commission du droit d'auteur Canada;2;3;66.66666666666666;0.0;2.0;0.0;0;3;0.0;0.0;18.0;0.0;0;3;0.0
2018-2019;117;Correctional Service Canada;Service correctionnel Canada;3;3;100.0;1.0;4.0;25.0;0;3;0.0;1.0;12.0;8.333333333333332;0;3;0.0
2018-2019;118;Courts Administration Service;Service administratif des tribunaux judiciaires;1;1;100.0;0.0;1.0;0.0;0;1;0.0;0.0;4.0;0.0;0;1;0.0
2018-2019;129;Crown-Indigenous Relations and Northern Affairs Canada;Relations Couronne-Autochtones et Affaires du Nord Canada;21;63;33.33333333333333;12.0;20.0;60.0;10;63;15.873015873015872;33.0;130.0;25.384615384615383;0;63;0.0
2018-2019;124;Department of Finance Canada;Ministère des Finances Canada;1;1;100.0;1.0;1.0;100.0;0;1;0.0;5.0;6.0;83.33333333333334;0;1;0.0
2018-2019;348;Department of Indigenous Services;Ministère des Services aux Autochtones;3;65;4.615384615384616;1.0;5.0;20.0;5;65;7.6923076923076925;36.0;112.0;32.142857142857146;0;65;0.0
2018-2019;132;Department of Justice Canada;Ministère de la Justice Canada;6;6;100.0;16.0;16.0;100.0;1;6;16.666666666666664;10.0;36.0;27.77777777777778;0;6;0.0
2018-2019;128;Employment and Social Development Canada;Emploi et Développement social Canada;36;36;100.0;57.0;75.0;76.0;12;36;33.33333333333333;71.0;146.0;48.63013698630137;0;36;0.0
2018-2019;137;Environment and Climate Change Canada;Environnement et Changement climatique Canada;26;33;78.78787878787878;51.0;72.0;70.83333333333334;5;33;15.151515151515152;71.0;168.0;42.26190476190476;0;33;0.0
2018-2019;222;Farm Products Council of Canada;Conseil des produits agricoles du Canada;0;4;0.0;;;;0;4;0.0;0.0;24.0;0.0;0;4;0.0
2018-2019;151;Financial Consumer Agency of Canada;Agence de la consommation en matière financière du Canada;2;3;66.66666666666666;2.0;2.0;100.0;0;3;0.0;9.0;18.0;50.0;0;3;0.0
2018-2019;152;Financial Transactions and Reports Analysis Centre of Canada;Centre d'analyse des opérations et déclarations financières du Canada;5;7;71.42857142857143;5.0;8.0;62.5;2;7;28.57142857142857;7.0;37.0;18.91891891891892;0;7;0.0
2018-2019;125;Fisheries and Oceans Canada;Pêches et Océans Canada;53;55;96.36363636363636;62.0;91.0;68.13186813186813;3;55;5.454545454545454;32.0;103.0;31.06796116504854;0;55;0.0
2018-2019;126;Global Affairs Canada;Affaires mondiales Canada;4;36;11.11111111111111;0.0;2.0;0.0;7;36;19.444444444444446;35.0;154.0;22.727272727272727;0;36;0.0
2018-2019;127;Health Canada;Santé Canada;47;84;55.952380952380956;48.0;66.0;72.72727272727273;3;84;3.571428571428571;59.0;235.0;25.106382978723403;0;84;0.0
2018-2019;237;Housing, Infrastructure and Communities Canada;Logement, Infrastructure et Collectivités Canada;9;19;47.368421052631575;15.0;21.0;71.42857142857143;2;19;10.526315789473683;11.0;14.0;78.57142857142857;0;19;0.0
2018-2019;174;Immigration and Refugee Board of Canada;Commission de l'immigration et du statut de réfugié du Canada;1;6;16.666666666666664;1.0;1.0;100.0;1;6;16.666666666666664;6.0;26.0;23.076923076923077;0;6;0.0
2018-2019;123;Immigration, Refugees and Citizenship Canada;Immigration, Réfugiés et Citoyenneté Canada;25;74;33.78378378378378;26.0;36.0;72.22222222222221;21;74;28.37837837837838;226.0;367.0;61.58038147138964;0;74;0.0
2018-2019;63;Impact Assessment Agency of Canada;Agence d'évaluation d'impact du Canada;5;8;62.5;4.0;6.0;66.66666666666666;3;8;37.5;8.0;17.0;47.05882352941176;0;8;0.0
2018-2019;130;Innovation, Science and Economic Development Canada;Innovation, Sciences et Développement économique Canada;37;44;84.0909090909091;85.0;115.0;73.91304347826086;12;44;27.27272727272727;128.0;193.0;66.32124352331607;0;44;0.0
2018-2019;347;Invest in Canada Hub;Investir au Canada;0;5;0.0;;;;0;5;0.0;0.0;30.0;0.0;0;5;0.0
2018-2019;199;Library and Archives Canada;Bibliothèque et Archives Canada;6;8;75.0;3.0;6.0;50.0;0;8;0.0;8.0;48.0;16.666666666666664;0;8;0.0
2018-2019;210;Military Police Complaints Commission of Canada;Commission d'examen des plaintes concernant la police militaire du Canada;0;2;0.0;;;;0;2;0.0;1.0;12.0;8.333333333333332;0;2;0.0
2018-2019;133;National Defence;Défense nationale;0;11;0.0;;;;1;11;9.090909090909092;11.0;37.0;29.72972972972973;0;11;0.0
2018-2019;223;National Film Board;Office national du film;3;3;100.0;5.0;6.0;83.33333333333334;1;3;33.33333333333333;5.0;9.0;55.55555555555556;0;3;0.0
2018-2019;228;National Research Council Canada;Conseil national de recherches Canada;12;15;80.0;12.0;19.0;63.1578947368421;6;15;40.0;26.0;43.0;60.46511627906976;0;15;0.0
2018-2019;134;Natural Resources Canada;Ressources naturelles Canada;3;33;9.090909090909092;3.0;3.0;100.0;14;33;42.42424242424242;60.0;111.0;54.054054054054056;0;33;0.0
2018-2019;230;Natural Sciences and Engineering Research Council of Canada;Conseil de recherches en sciences naturelles et en génie du Canada;6;6;100.0;0.0;0.0;;5;6;83.33333333333334;23.0;23.0;100.0;0;6;0.0
2018-2019;240;Office of the Commissioner for Federal Judicial Affairs Canada;Commissariat à la magistrature fédérale Canada;0;6;0.0;;;;2;6;33.33333333333333;7.0;11.0;63.63636363636363;0;6;0.0
2018-2019;253;Office of the Superintendent of Financial Institutions Canada;Bureau du surintendant des institutions financières Canada;7;7;100.0;9.0;10.0;90.0;0;7;0.0;2.0;18.0;11.11111111111111;0;7;0.0
2018-2019;263;Parks Canada;Parcs Canada;4;14;28.57142857142857;5.0;6.0;83.33333333333334;0;14;0.0;11.0;82.0;13.414634146341465;0;14;0.0
2018-2019;227;Parole Board of Canada;Commission des libérations conditionnelles du Canada;4;11;36.36363636363637;4.0;4.0;100.0;4;11;36.36363636363637;28.0;66.0;42.42424242424242;0;11;0.0
2018-2019;266;Patented Medicine Prices Review Board Canada;Conseil d'examen du prix des médicaments brevetés Canada;1;2;50.0;0.0;1.0;0.0;1;2;50.0;5.0;5.0;100.0;0;2;0.0
2018-2019;552;Polar Knowledge Canada;Savoir polaire Canada;3;3;100.0;0.0;0.0;;0;3;0.0;13.0;18.0;72.22222222222221;0;3;0.0
2018-2019;140;Prairies Economic Development Canada;Développement économique Canada pour les Prairies;3;4;75.0;6.0;6.0;100.0;2;4;50.0;9.0;14.0;64.28571428571429;0;4;0.0
2018-2019;278;Privy Council Office;Bureau du Conseil privé;0;11;0.0;;;;1;11;9.090909090909092;6.0;11.0;54.54545454545454;0;11;0.0
2018-2019;280;Public Health Agency of Canada;Agence de la santé publique du Canada;12;13;92.3076923076923;12.0;17.0;70.58823529411765;1;13;7.6923076923076925;9.0;60.0;15.0;0;13;0.0
2018-2019;248;Public Prosecution Service of Canada;Service des poursuites pénales du Canada;0;1;0.0;;;;0;1;0.0;2.0;6.0;33.33333333333333;0;1;0.0
2018-2019;135;Public Safety Canada;Sécurité publique Canada;34;53;64.15094339622641;45.0;52.0;86.53846153846155;0;53;0.0;22.0;318.0;6.918238993710692;0;53;0.0
2018-2019;282;Public Service Commission of Canada;Commission de la fonction publique du Canada;13;25;52.0;7.0;13.0;53.84615384615385;17;25;68.0;110.0;125.0;88.0;0;25;0.0
2018-2019;136;Public Services and Procurement Canada;Services publics et Approvisionnement Canada;29;43;67.44186046511628;44.0;59.0;74.57627118644068;13;43;30.23255813953488;90.0;180.0;50.0;0;43;0.0
2018-2019;296;RCMP External Review Committee;Comité externe d'examen de la GRC;1;1;100.0;1.0;1.0;100.0;0;1;0.0;0.0;6.0;0.0;0;1;0.0
2018-2019;295;Royal Canadian Mounted Police;Gendarmerie royale du Canada;13;15;86.66666666666667;4.0;18.0;22.22222222222222;2;15;13.333333333333334;16.0;35.0;45.714285714285715;0;15;0.0
2018-2019;305;Shared Services Canada;Services partagés Canada;17;26;65.38461538461539;0.0;20.0;0.0;7;26;26.923076923076923;77.0;141.0;54.60992907801418;0;26;0.0
2018-2019;306;Social Sciences and Humanities Research Council of Canada;Conseil de recherches en sciences humaines du Canada;7;7;100.0;5.0;12.0;41.66666666666667;3;7;42.857142857142854;20.0;24.0;83.33333333333334;0;7;0.0
2018-2019;313;Statistics Canada;Statistique Canada;23;23;100.0;3.0;11.0;27.27272727272727;21;23;91.30434782608695;46.0;51.0;90.19607843137256;0;23;0.0
2018-2019;247;The Correctional Investigator Canada;L'Enquêteur correctionnel Canada;3;3;100.0;5.0;5.0;100.0;0;3;0.0;0.0;18.0;0.0;0;3;0.0
2018-2019;218;The National Battlefields Commission;Commission des champs de bataille nationaux;5;7;71.42857142857143;5.0;5.0;100.0;3;7;42.857142857142854;10.0;10.0;100.0;0;7;0.0
2018-2019;138;Transport Canada;Transports Canada;60;96;62.5;74.0;151.0;49.00662251655629;0;96;0.0;29.0;534.0;5.430711610486892;0;96;0.0
2018-2019;98;Transportation Safety Board of Canada;Bureau de la sécurité des transports du Canada;0;3;0.0;;;;0;3;0.0;0.0;18.0;0.0;0;3;0.0
2018-2019;326;Treasury Board of Canada Secretariat;Secrétariat du Conseil du Trésor du Canada;2;7;28.57142857142857;1.0;1.0;100.0;3;7;42.857142857142854;16.0;22.0;72.72727272727273;0;7;0.0
2018-2019;139;Veterans Affairs Canada;Anciens Combattants Canada;16;30;53.333333333333336;16.0;21.0;76.19047619047619;16;30;53.333333333333336;125.0;148.0;84.45945945945947;0;30;0.0
2018-2019;333;Veterans Review and Appeal Board;Tribunal des anciens combattants (révision et appel);2;2;100.0;1.0;2.0;50.0;0;2;0.0;7.0;12.0;58.333333333333336;0;2;0.0
2019-2020;539;Administrative Tribunals Support Service of Canada;Service canadien d'appui aux tribunaux administratifs;2;5;40.0;1.0;1.0;100.0;0;5;0.0;2.0;12.0;16.666666666666664;0;5;0.0
2019-2020;1;Agriculture and Agri-Food Canada;Agriculture et Agroalimentaire Canada;35;35;100.0;117.0;134.0;87.31343283582089;9;35;25.71428571428571;122.0;189.0;64.55026455026454;0;35;0.0
2019-2020;12;Atlantic Canada Opportunities Agency;Agence de promotion économique du Canada atlantique;3;5;60.0;4.0;7.0;57.14285714285714;1;5;20.0;11.0;13.0;84.61538461538461;0;5;0.0
2019-2020;26;Canada Border Services Agency;Agence des services frontaliers du Canada;27;42;64.28571428571429;33.0;44.0;75.0;4;42;9.523809523809524;36.0;178.0;20.224719101123593;0;42;0.0
2019-2020;141;Canada Economic Development for Quebec Regions;Développement économique Canada pour les régions du Québec;3;3;100.0;8.0;9.0;88.88888888888889;0;3;0.0;3.0;13.0;23.076923076923077;0;3;0.0
2019-2020;221;Canada Energy Regulator;Régie de l'énergie du Canada;16;16;100.0;12.0;18.0;66.66666666666666;0;16;0.0;11.0;94.0;11.702127659574469;0;16;0.0
2019-2020;46;Canada Revenue Agency;Agence du revenu du Canada;13;24;54.166666666666664;14.0;18.0;77.77777777777779;6;24;25.0;87.0;112.0;77.67857142857143;0;24;0.0
2019-2020;47;Canada School of Public Service;École de la fonction publique du Canada;2;3;66.66666666666666;3.0;4.0;75.0;1;3;33.33333333333333;7.0;15.0;46.666666666666664;0;3;0.0
2019-2020;65;Canadian Food Inspection Agency;Agence canadienne d'inspection des aliments;9;9;100.0;6.0;15.0;40.0;1;9;11.11111111111111;22.0;30.0;73.33333333333333;0;9;0.0
2019-2020;69;Canadian Grain Commission;Commission canadienne des grains;11;14;78.57142857142857;10.0;10.0;100.0;0;14;0.0;6.0;72.0;8.333333333333332;0;14;0.0
2019-2020;122;Canadian Heritage;Patrimoine canadien;23;27;85.18518518518519;44.0;50.0;88.0;0;27;0.0;21.0;162.0;12.962962962962962;0;27;0.0
2019-2020;71;Canadian Human Rights Commission;Commission canadienne des droits de la personne;1;3;33.33333333333333;0.0;1.0;0.0;1;3;33.33333333333333;4.0;8.0;50.0;0;3;0.0
2019-2020;74;Canadian Institutes of Health Research;Instituts de recherche en santé du Canada;2;6;33.33333333333333;2.0;3.0;66.66666666666666;0;6;0.0;13.0;22.0;59.09090909090909;0;6;0.0
2019-2020;76;Canadian Intergovernmental Conference Secretariat;Secrétariat des conférences intergouvernementales canadiennes;2;2;100.0;0.0;3.0;0.0;0;2;0.0;6.0;8.0;75.0;0;2;0.0
2019-2020;86;Canadian Northern Economic Development Agency;Agence canadienne de développement économique du Nord;2;3;66.66666666666666;1.0;4.0;25.0;1;3;33.33333333333333;6.0;12.0;50.0;0;3;0.0
2019-2020;87;Canadian Nuclear Safety Commission;Commission canadienne de sûreté nucléaire;7;7;100.0;7.0;11.0;63.63636363636363;0;7;0.0;;;;0;7;0.0
2019-2020;93;Canadian Radio-television and Telecommunications Commission;Conseil de la radiodiffusion et des télécommunications canadiennes;4;4;100.0;12.0;13.0;92.3076923076923;2;4;50.0;15.0;17.0;88.23529411764706;0;4;0.0
2019-2020;95;Canadian Space Agency;Agence spatiale canadienne;11;11;100.0;13.0;15.0;86.66666666666667;2;11;18.181818181818183;23.0;53.0;43.39622641509434;0;11;0.0
2019-2020;99;Canadian Transportation Agency;Office des transports du Canada;4;6;66.66666666666666;5.0;6.0;83.33333333333334;0;6;0.0;10.0;36.0;27.77777777777778;0;6;0.0
2019-2020;297;Civilian Review and Complaints Commission for the RCMP;Commission civile d’examen et de traitement des plaintes relatives à la GRC;0;3;0.0;;;;0;3;0.0;;;;0;3;0.0
2019-2020;114;Copyright Board Canada;Commission du droit d'auteur Canada;2;3;66.66666666666666;0.0;2.0;0.0;0;3;0.0;0.0;18.0;0.0;0;3;0.0
2019-2020;117;Correctional Service Canada;Service correctionnel Canada;3;3;100.0;1.0;6.0;16.666666666666664;1;3;33.33333333333333;4.0;10.0;40.0;0;3;0.0
2019-2020;118;Courts Administration Service;Service administratif des tribunaux judiciaires;1;1;100.0;0.0;1.0;0.0;0;1;0.0;0.0;5.0;0.0;0;1;0.0
2019-2020;129;Crown-Indigenous Relations and Northern Affairs Canada;Relations Couronne-Autochtones et Affaires du Nord Canada;10;32;31.25;3.0;5.0;60.0;4;32;12.5;27.0;56.0;48.214285714285715;0;32;0.0
2019-2020;124;Department of Finance Canada;Ministère des Finances Canada;1;3;33.33333333333333;0.0;0.0;;0;3;0.0;5.0;18.0;27.77777777777778;0;3;0.0
2019-2020;348;Department of Indigenous Services;Ministère des Services aux Autochtones;10;88;11.363636363636363;2.0;14.0;14.285714285714285;8;88;9.090909090909092;52.0;152.0;34.21052631578947;0;88;0.0
2019-2020;132;Department of Justice Canada;Ministère de la Justice Canada;6;7;85.71428571428571;14.0;16.0;87.5;1;7;14.285714285714285;13.0;41.0;31.70731707317073;0;7;0.0
2019-2020;128;Employment and Social Development Canada;Emploi et Développement social Canada;28;29;96.55172413793103;51.0;65.0;78.46153846153847;12;29;41.37931034482759;68.0;122.0;55.73770491803278;0;29;0.0
2019-2020;137;Environment and Climate Change Canada;Environnement et Changement climatique Canada;35;43;81.3953488372093;63.0;90.0;70.0;8;43;18.6046511627907;97.0;204.0;47.549019607843135;0;43;0.0
2019-2020;222;Farm Products Council of Canada;Conseil des produits agricoles du Canada;0;4;0.0;;;;0;4;0.0;0.0;24.0;0.0;0;4;0.0
2019-2020;150;Federal Economic Development Agency for Southern Ontario;Agence fédérale de développement économique pour le Sud de l'Ontario;1;2;50.0;4.0;4.0;100.0;0;2;0.0;0.0;12.0;0.0;0;2;0.0
2019-2020;151;Financial Consumer Agency of Canada;Agence de la consommation en matière financière du Canada;2;3;66.66666666666666;2.0;3.0;66.66666666666666;0;3;0.0;7.0;18.0;38.88888888888889;0;3;0.0
2019-2020;152;Financial Transactions and Reports Analysis Centre of Canada;Centre d'analyse des opérations et déclarations financières du Canada;5;7;71.42857142857143;0.0;8.0;0.0;2;7;28.57142857142857;7.0;37.0;18.91891891891892;0;7;0.0
2019-2020;125;Fisheries and Oceans Canada;Pêches et Océans Canada;63;64;98.4375;76.0;96.0;79.16666666666666;4;64;6.25;31.0;100.0;31.0;0;64;0.0
2019-2020;126;Global Affairs Canada;Affaires mondiales Canada;4;35;11.428571428571429;0.0;2.0;0.0;7;35;20.0;32.0;143.0;22.377622377622377;0;35;0.0
2019-2020;127;Health Canada;Santé Canada;48;82;58.536585365853654;34.0;53.0;64.15094339622641;2;82;2.4390243902439024;56.0;226.0;24.778761061946902;0;82;0.0
2019-2020;237;Housing, Infrastructure and Communities Canada;Logement, Infrastructure et Collectivités Canada;12;12;100.0;18.0;22.0;81.81818181818183;1;12;8.333333333333332;4.0;6.0;66.66666666666666;0;12;0.0
2019-2020;174;Immigration and Refugee Board of Canada;Commission de l'immigration et du statut de réfugié du Canada;1;6;16.666666666666664;0.0;1.0;0.0;1;6;16.666666666666664;11.0;29.0;37.93103448275862;0;6;0.0
2019-2020;123;Immigration, Refugees and Citizenship Canada;Immigration, Réfugiés et Citoyenneté Canada;24;72;33.33333333333333;32.0;47.0;68.08510638297872;20;72;27.77777777777778;205.0;353.0;58.07365439093485;0;72;0.0
2019-2020;63;Impact Assessment Agency of Canada;Agence d'évaluation d'impact du Canada;8;12;66.66666666666666;5.0;7.0;71.42857142857143;6;12;50.0;14.0;26.0;53.84615384615385;0;12;0.0
2019-2020;130;Innovation, Science and Economic Development Canada;Innovation, Sciences et Développement économique Canada;41;47;87.2340425531915;117.0;151.0;77.48344370860927;14;47;29.78723404255319;127.0;207.0;61.35265700483091;0;47;0.0
2019-2020;347;Invest in Canada Hub;Investir au Canada;0;3;0.0;;;;0;3;0.0;3.0;18.0;16.666666666666664;0;3;0.0
2019-2020;199;Library and Archives Canada;Bibliothèque et Archives Canada;2;9;22.22222222222222;1.0;2.0;50.0;1;9;11.11111111111111;14.0;54.0;25.925925925925924;0;9;0.0
2019-2020;210;Military Police Complaints Commission of Canada;Commission d'examen des plaintes concernant la police militaire du Canada;0;2;0.0;;;;0;2;0.0;1.0;12.0;8.333333333333332;0;2;0.0
2019-2020;133;National Defence;Défense nationale;5;10;50.0;10.0;11.0;90.9090909090909;2;10;20.0;8.0;24.0;33.33333333333333;0;10;0.0
2019-2020;223;National Film Board;Office national du film;3;3;100.0;5.0;6.0;83.33333333333334;0;3;0.0;4.0;9.0;44.44444444444444;0;3;0.0
2019-2020;228;National Research Council Canada;Conseil national de recherches Canada;12;15;80.0;13.0;21.0;61.904761904761905;6;15;40.0;31.0;47.0;65.95744680851064;0;15;0.0
2019-2020;302;National Security and Intelligence Review Agency Secretariat;Secrétariat de l’Office de surveillance des activités en matière de sécurité nationale et de renseignement;0;2;0.0;;;;0;2;0.0;;;;0;2;0.0
2019-2020;134;Natural Resources Canada;Ressources naturelles Canada;4;33;12.121212121212121;0.0;3.0;0.0;14;33;42.42424242424242;60.0;111.0;54.054054054054056;0;33;0.0
2019-2020;230;Natural Sciences and Engineering Research Council of Canada;Conseil de recherches en sciences naturelles et en génie du Canada;6;6;100.0;7.0;10.0;70.0;5;6;83.33333333333334;23.0;23.0;100.0;0;6;0.0
2019-2020;240;Office of the Commissioner for Federal Judicial Affairs Canada;Commissariat à la magistrature fédérale Canada;0;6;0.0;;;;2;6;33.33333333333333;7.0;11.0;63.63636363636363;0;6;0.0
2019-2020;253;Office of the Superintendent of Financial Institutions Canada;Bureau du surintendant des institutions financières Canada;7;8;87.5;8.0;9.0;88.88888888888889;0;8;0.0;2.0;18.0;11.11111111111111;0;8;0.0
2019-2020;263;Parks Canada;Parcs Canada;3;12;25.0;2.0;2.0;100.0;0;12;0.0;4.0;72.0;5.555555555555555;0;12;0.0
2019-2020;227;Parole Board of Canada;Commission des libérations conditionnelles du Canada;6;11;54.54545454545454;7.0;8.0;87.5;5;11;45.45454545454545;32.0;66.0;48.484848484848484;0;11;0.0
2019-2020;266;Patented Medicine Prices Review Board Canada;Conseil d'examen du prix des médicaments brevetés Canada;1;2;50.0;1.0;1.0;100.0;1;2;50.0;5.0;5.0;100.0;0;2;0.0
2019-2020;552;Polar Knowledge Canada;Savoir polaire Canada;2;2;100.0;2.0;2.0;100.0;0;2;0.0;4.0;12.0;33.33333333333333;0;2;0.0
2019-2020;140;Prairies Economic Development Canada;Développement économique Canada pour les Prairies;3;4;75.0;6.0;6.0;100.0;2;4;50.0;9.0;14.0;64.28571428571429;0;4;0.0
2019-2020;278;Privy Council Office;Bureau du Conseil privé;0;6;0.0;;;;1;6;16.666666666666664;6.0;10.0;60.0;0;6;0.0
2019-2020;280;Public Health Agency of Canada;Agence de la santé publique du Canada;12;13;92.3076923076923;15.0;17.0;88.23529411764706;1;13;7.6923076923076925;10.0;42.0;23.809523809523807;0;13;0.0
2019-2020;248;Public Prosecution Service of Canada;Service des poursuites pénales du Canada;0;1;0.0;;;;0;1;0.0;2.0;6.0;33.33333333333333;0;1;0.0
2019-2020;135;Public Safety Canada;Sécurité publique Canada;34;54;62.96296296296296;1.0;1.0;100.0;0;54;0.0;24.0;324.0;7.4074074074074066;0;54;0.0
2019-2020;282;Public Service Commission of Canada;Commission de la fonction publique du Canada;15;25;60.0;9.0;15.0;60.0;13;25;52.0;87.0;128.0;67.96875;0;25;0.0
2019-2020;136;Public Services and Procurement Canada;Services publics et Approvisionnement Canada;30;46;65.21739130434783;45.0;56.0;80.35714285714286;10;46;21.73913043478261;76.0;176.0;43.18181818181818;0;46;0.0
2019-2020;296;RCMP External Review Committee;Comité externe d'examen de la GRC;1;1;100.0;0.0;1.0;0.0;0;1;0.0;0.0;6.0;0.0;0;1;0.0
2019-2020;295;Royal Canadian Mounted Police;Gendarmerie royale du Canada;13;18;72.22222222222221;11.0;21.0;52.38095238095239;2;18;11.11111111111111;19.0;35.0;54.285714285714285;0;18;0.0
2019-2020;305;Shared Services Canada;Services partagés Canada;10;12;83.33333333333334;0.0;14.0;0.0;5;12;41.66666666666667;40.0;61.0;65.57377049180327;0;12;0.0
2019-2020;306;Social Sciences and Humanities Research Council of Canada;Conseil de recherches en sciences humaines du Canada;7;7;100.0;9.0;13.0;69.23076923076923;3;7;42.857142857142854;21.0;24.0;87.5;0;7;0.0
2019-2020;313;Statistics Canada;Statistique Canada;23;23;100.0;0.0;0.0;;21;23;91.30434782608695;46.0;51.0;90.19607843137256;0;23;0.0
2019-2020;247;The Correctional Investigator Canada;L'Enquêteur correctionnel Canada;3;3;100.0;2.0;5.0;40.0;0;3;0.0;0.0;18.0;0.0;0;3;0.0
2019-2020;218;The National Battlefields Commission;Commission des champs de bataille nationaux;4;7;57.14285714285714;4.0;4.0;100.0;4;7;57.14285714285714;9.0;9.0;100.0;0;7;0.0
2019-2020;138;Transport Canada;Transports Canada;66;102;64.70588235294117;92.0;174.0;52.87356321839081;1;102;0.9803921568627451;36.0;418.0;8.61244019138756;0;102;0.0
2019-2020;98;Transportation Safety Board of Canada;Bureau de la sécurité des transports du Canada;0;5;0.0;;;;0;5;0.0;0.0;30.0;0.0;0;5;0.0
2019-2020;326;Treasury Board of Canada Secretariat;Secrétariat du Conseil du Trésor du Canada;7;15;46.666666666666664;6.0;12.0;50.0;10;15;66.66666666666666;51.0;63.0;80.95238095238095;0;15;0.0
2019-2020;139;Veterans Affairs Canada;Anciens Combattants Canada;17;28;60.71428571428571;17.0;22.0;77.27272727272727;15;28;53.57142857142857;114.0;136.0;83.82352941176471;0;28;0.0
2019-2020;333;Veterans Review and Appeal Board;Tribunal des anciens combattants (révision et appel);2;2;100.0;1.0;2.0;50.0;0;2;0.0;7.0;12.0;58.333333333333336;0;2;0.0
2019-2020;246;Women and Gender Equality Canada;Femmes et Égalité des genres Canada;3;3;100.0;2.0;4.0;50.0;0;3;0.0;9.0;18.0;50.0;0;3;0.0
2020-2021;539;Administrative Tribunals Support Service of Canada;Service canadien d'appui aux tribunaux administratifs;0;4;0.0;;;;0;4;0.0;2.0;12.0;16.666666666666664;1;4;25.0
2020-2021;1;Agriculture and Agri-Food Canada;Agriculture et Agroalimentaire Canada;39;39;100.0;133.0;148.0;89.86486486486487;9;39;23.076923076923077;92.0;204.0;45.09803921568628;37;39;94.87179487179486
2020-2021;12;Atlantic Canada Opportunities Agency;Agence de promotion économique du Canada atlantique;3;5;60.0;0.0;7.0;0.0;1;5;20.0;11.0;13.0;84.61538461538461;0;5;0.0
2020-2021;26;Canada Border Services Agency;Agence des services frontaliers du Canada;27;42;64.28571428571429;27.0;41.0;65.85365853658537;3;42;7.142857142857142;32.0;150.0;21.333333333333336;1;42;2.380952380952381
2020-2021;141;Canada Economic Development for Quebec Regions;Développement économique Canada pour les régions du Québec;2;2;100.0;8.0;8.0;100.0;0;2;0.0;1.0;7.0;14.285714285714285;1;2;50.0
2020-2021;221;Canada Energy Regulator;Régie de l'énergie du Canada;16;16;100.0;15.0;16.0;93.75;0;16;0.0;11.0;94.0;11.702127659574469;15;16;93.75
2020-2021;46;Canada Revenue Agency;Agence du revenu du Canada;15;33;45.45454545454545;10.0;20.0;50.0;16;33;48.484848484848484;145.0;166.0;87.34939759036145;22;33;66.66666666666666
2020-2021;47;Canada School of Public Service;École de la fonction publique du Canada;2;3;66.66666666666666;2.0;4.0;50.0;1;3;33.33333333333333;7.0;15.0;46.666666666666664;0;3;0.0
2020-2021;65;Canadian Food Inspection Agency;Agence canadienne d'inspection des aliments;8;8;100.0;6.0;15.0;40.0;0;8;0.0;17.0;30.0;56.666666666666664;3;8;37.5
2020-2021;69;Canadian Grain Commission;Commission canadienne des grains;9;14;64.28571428571429;8.0;9.0;88.88888888888889;0;14;0.0;9.0;67.0;13.432835820895523;13;14;92.85714285714286
2020-2021;122;Canadian Heritage;Patrimoine canadien;23;29;79.3103448275862;45.0;55.0;81.81818181818183;0;29;0.0;23.0;174.0;13.218390804597702;11;29;37.93103448275862
2020-2021;71;Canadian Human Rights Commission;Commission canadienne des droits de la personne;1;3;33.33333333333333;0.0;1.0;0.0;1;3;33.33333333333333;4.0;8.0;50.0;0;3;0.0
2020-2021;74;Canadian Institutes of Health Research;Instituts de recherche en santé du Canada;2;6;33.33333333333333;0.0;6.0;0.0;0;6;0.0;11.0;18.0;61.111111111111114;1;6;16.666666666666664
2020-2021;76;Canadian Intergovernmental Conference Secretariat;Secrétariat des conférences intergouvernementales canadiennes;2;2;100.0;2.0;3.0;66.66666666666666;0;2;0.0;6.0;8.0;75.0;1;2;50.0
2020-2021;86;Canadian Northern Economic Development Agency;Agence canadienne de développement économique du Nord;3;4;75.0;4.0;5.0;80.0;1;4;25.0;9.0;18.0;50.0;2;4;50.0
2020-2021;87;Canadian Nuclear Safety Commission;Commission canadienne de sûreté nucléaire;7;9;77.77777777777779;8.0;11.0;72.72727272727273;0;9;0.0;0.0;12.0;0.0;0;9;0.0
2020-2021;93;Canadian Radio-television and Telecommunications Commission;Conseil de la radiodiffusion et des télécommunications canadiennes;4;4;100.0;6.0;6.0;100.0;2;4;50.0;15.0;17.0;88.23529411764706;0;4;0.0
2020-2021;95;Canadian Space Agency;Agence spatiale canadienne;10;10;100.0;15.0;16.0;93.75;6;10;60.0;27.0;40.0;67.5;9;10;90.0
2020-2021;99;Canadian Transportation Agency;Office des transports du Canada;3;5;60.0;3.0;5.0;60.0;0;5;0.0;13.0;30.0;43.333333333333336;2;5;40.0
2020-2021;297;Civilian Review and Complaints Commission for the RCMP;Commission civile d’examen et de traitement des plaintes relatives à la GRC;2;3;66.66666666666666;1.0;3.0;33.33333333333333;0;3;0.0;;;;3;3;100.0
2020-2021;114;Copyright Board Canada;Commission du droit d'auteur Canada;3;3;100.0;3.0;3.0;100.0;1;3;33.33333333333333;4.0;16.0;25.0;0;3;0.0
2020-2021;117;Correctional Service Canada;Service correctionnel Canada;3;3;100.0;6.0;10.0;60.0;1;3;33.33333333333333;4.0;10.0;40.0;0;3;0.0
2020-2021;118;Courts Administration Service;Service administratif des tribunaux judiciaires;1;1;100.0;1.0;1.0;100.0;0;1;0.0;;;;0;1;0.0
2020-2021;129;Crown-Indigenous Relations and Northern Affairs Canada;Relations Couronne-Autochtones et Affaires du Nord Canada;25;44;56.81818181818182;11.0;24.0;45.83333333333333;9;44;20.454545454545457;32.0;45.0;71.11111111111111;7;44;15.909090909090908
2020-2021;124;Department of Finance Canada;Ministère des Finances Canada;1;3;33.33333333333333;0.0;1.0;0.0;0;3;0.0;5.0;18.0;27.77777777777778;0;3;0.0
2020-2021;348;Department of Indigenous Services;Ministère des Services aux Autochtones;12;85;14.117647058823529;8.0;15.0;53.333333333333336;4;85;4.705882352941177;36.0;135.0;26.666666666666668;16;85;18.823529411764707
2020-2021;132;Department of Justice Canada;Ministère de la Justice Canada;12;13;92.3076923076923;18.0;25.0;72.0;9;13;69.23076923076923;54.0;66.0;81.81818181818183;0;13;0.0
2020-2021;128;Employment and Social Development Canada;Emploi et Développement social Canada;26;31;83.87096774193549;46.0;69.0;66.66666666666666;15;31;48.38709677419355;73.0;124.0;58.87096774193549;11;31;35.483870967741936
2020-2021;137;Environment and Climate Change Canada;Environnement et Changement climatique Canada;33;42;78.57142857142857;53.0;71.0;74.64788732394366;9;42;21.428571428571427;97.0;206.0;47.0873786407767;15;42;35.714285714285715
2020-2021;222;Farm Products Council of Canada;Conseil des produits agricoles du Canada;0;4;0.0;;;;0;4;0.0;0.0;24.0;0.0;0;4;0.0
2020-2021;150;Federal Economic Development Agency for Southern Ontario;Agence fédérale de développement économique pour le Sud de l'Ontario;1;2;50.0;3.0;4.0;75.0;0;2;0.0;0.0;12.0;0.0;2;2;100.0
2020-2021;151;Financial Consumer Agency of Canada;Agence de la consommation en matière financière du Canada;1;2;50.0;2.0;2.0;100.0;0;2;0.0;6.0;12.0;50.0;1;2;50.0
2020-2021;152;Financial Transactions and Reports Analysis Centre of Canada;Centre d'analyse des opérations et déclarations financières du Canada;5;7;71.42857142857143;3.0;5.0;60.0;2;7;28.57142857142857;7.0;37.0;18.91891891891892;0;7;0.0
2020-2021;125;Fisheries and Oceans Canada;Pêches et Océans Canada;65;71;91.54929577464789;82.0;103.0;79.6116504854369;4;71;5.633802816901409;31.0;136.0;22.794117647058822;0;71;0.0
2020-2021;126;Global Affairs Canada;Affaires mondiales Canada;10;30;33.33333333333333;15.0;16.0;93.75;10;30;33.33333333333333;44.0;102.0;43.13725490196079;6;30;20.0
2020-2021;127;Health Canada;Santé Canada;52;88;59.09090909090909;39.0;61.0;63.934426229508205;10;88;11.363636363636363;95.0;253.0;37.54940711462451;30;88;34.090909090909086
2020-2021;237;Housing, Infrastructure and Communities Canada;Logement, Infrastructure et Collectivités Canada;3;3;100.0;4.0;6.0;66.66666666666666;0;3;0.0;0.0;18.0;0.0;0;3;0.0
2020-2021;174;Immigration and Refugee Board of Canada;Commission de l'immigration et du statut de réfugié du Canada;6;6;100.0;1.0;6.0;16.666666666666664;1;6;16.666666666666664;19.0;29.0;65.51724137931035;5;6;83.33333333333334
2020-2021;123;Immigration, Refugees and Citizenship Canada;Immigration, Réfugiés et Citoyenneté Canada;25;73;34.24657534246575;17.0;46.0;36.95652173913043;30;73;41.0958904109589;227.0;354.0;64.12429378531074;27;73;36.986301369863014
2020-2021;63;Impact Assessment Agency of Canada;Agence d'évaluation d'impact du Canada;7;9;77.77777777777779;13.0;19.0;68.42105263157895;8;9;88.88888888888889;13.0;13.0;100.0;6;9;66.66666666666666
2020-2021;130;Innovation, Science and Economic Development Canada;Innovation, Sciences et Développement économique Canada;42;72;58.333333333333336;279.0;411.0;67.88321167883211;24;72;33.33333333333333;124.0;167.0;74.25149700598801;38;72;52.77777777777778
2020-2021;347;Invest in Canada Hub;Investir au Canada;0;3;0.0;;;;0;3;0.0;3.0;18.0;16.666666666666664;0;3;0.0
2020-2021;199;Library and Archives Canada;Bibliothèque et Archives Canada;4;20;20.0;0.0;3.0;0.0;0;20;0.0;27.0;107.0;25.233644859813083;13;20;65.0
2020-2021;210;Military Police Complaints Commission of Canada;Commission d'examen des plaintes concernant la police militaire du Canada;1;1;100.0;0.0;14.0;0.0;0;1;0.0;0.0;6.0;0.0;0;1;0.0
2020-2021;133;National Defence;Défense nationale;6;10;60.0;9.0;12.0;75.0;2;10;20.0;8.0;24.0;33.33333333333333;4;10;40.0
2020-2021;223;National Film Board;Office national du film;5;5;100.0;9.0;10.0;90.0;0;5;0.0;14.0;21.0;66.66666666666666;2;5;40.0
2020-2021;228;National Research Council Canada;Conseil national de recherches Canada;16;16;100.0;22.0;29.0;75.86206896551724;6;16;37.5;34.0;53.0;64.15094339622641;11;16;68.75
2020-2021;302;National Security and Intelligence Review Agency Secretariat;Secrétariat de l’Office de surveillance des activités en matière de sécurité nationale et de renseignement;0;2;0.0;;;;0;2;0.0;;;;2;2;100.0
2020-2021;134;Natural Resources Canada;Ressources naturelles Canada;40;70;57.14285714285714;15.0;16.0;93.75;27;70;38.57142857142858;145.0;273.0;53.11355311355312;1;70;1.4285714285714286
2020-2021;230;Natural Sciences and Engineering Research Council of Canada;Conseil de recherches en sciences naturelles et en génie du Canada;6;6;100.0;7.0;11.0;63.63636363636363;5;6;83.33333333333334;22.0;22.0;100.0;6;6;100.0
2020-2021;240;Office of the Commissioner for Federal Judicial Affairs Canada;Commissariat à la magistrature fédérale Canada;0;6;0.0;;;;2;6;33.33333333333333;7.0;11.0;63.63636363636363;0;6;0.0
2020-2021;253;Office of the Superintendent of Financial Institutions Canada;Bureau du surintendant des institutions financières Canada;7;8;87.5;5.0;11.0;45.45454545454545;0;8;0.0;2.0;18.0;11.11111111111111;0;8;0.0
2020-2021;256;Offices of the Information and Privacy Commissioners of Canada;Commissariats à l’information et à la protection de la vie privée du Canada;8;11;72.72727272727273;0.0;8.0;0.0;0;11;0.0;7.0;29.0;24.137931034482758;3;11;27.27272727272727
2020-2021;263;Parks Canada;Parcs Canada;4;12;33.33333333333333;5.0;5.0;100.0;0;12;0.0;5.0;72.0;6.944444444444445;3;12;25.0
2020-2021;227;Parole Board of Canada;Commission des libérations conditionnelles du Canada;3;11;27.27272727272727;4.0;6.0;66.66666666666666;3;11;27.27272727272727;20.0;66.0;30.303030303030305;0;11;0.0
2020-2021;266;Patented Medicine Prices Review Board Canada;Conseil d'examen du prix des médicaments brevetés Canada;1;2;50.0;1.0;2.0;50.0;1;2;50.0;5.0;5.0;100.0;0;2;0.0
2020-2021;552;Polar Knowledge Canada;Savoir polaire Canada;2;2;100.0;2.0;2.0;100.0;0;2;0.0;2.0;12.0;16.666666666666664;0;2;0.0
2020-2021;140;Prairies Economic Development Canada;Développement économique Canada pour les Prairies;2;3;66.66666666666666;5.0;5.0;100.0;2;3;66.66666666666666;7.0;8.0;87.5;3;3;100.0
2020-2021;278;Privy Council Office;Bureau du Conseil privé;0;10;0.0;;;;0;10;0.0;0.0;60.0;0.0;1;10;10.0
2020-2021;280;Public Health Agency of Canada;Agence de la santé publique du Canada;19;20;95.0;17.0;25.0;68.0;3;20;15.0;20.0;69.0;28.985507246376812;4;20;20.0
2020-2021;248;Public Prosecution Service of Canada;Service des poursuites pénales du Canada;0;3;0.0;;;;0;3;0.0;2.0;10.0;20.0;1;3;33.33333333333333
2020-2021;135;Public Safety Canada;Sécurité publique Canada;31;57;54.385964912280706;51.0;59.0;86.4406779661017;3;57;5.263157894736842;27.0;203.0;13.30049261083744;19;57;33.33333333333333
2020-2021;282;Public Service Commission of Canada;Commission de la fonction publique du Canada;6;20;30.0;3.0;6.0;50.0;13;20;65.0;83.0;110.0;75.45454545454545;16;20;80.0
2020-2021;136;Public Services and Procurement Canada;Services publics et Approvisionnement Canada;30;48;62.5;48.0;64.0;75.0;9;48;18.75;75.0;150.0;50.0;23;48;47.91666666666667
2020-2021;296;RCMP External Review Committee;Comité externe d'examen de la GRC;1;1;100.0;0.0;1.0;0.0;0;1;0.0;0.0;6.0;0.0;0;1;0.0
2020-2021;295;Royal Canadian Mounted Police;Gendarmerie royale du Canada;14;27;51.85185185185185;10.0;21.0;47.61904761904761;3;27;11.11111111111111;36.0;83.0;43.373493975903614;3;27;11.11111111111111
2020-2021;305;Shared Services Canada;Services partagés Canada;10;12;83.33333333333334;0.0;15.0;0.0;5;12;41.66666666666667;40.0;61.0;65.57377049180327;11;12;91.66666666666666
2020-2021;306;Social Sciences and Humanities Research Council of Canada;Conseil de recherches en sciences humaines du Canada;6;6;100.0;6.0;12.0;50.0;3;6;50.0;18.0;18.0;100.0;5;6;83.33333333333334
2020-2021;313;Statistics Canada;Statistique Canada;23;23;100.0;20.0;20.0;100.0;21;23;91.30434782608695;46.0;51.0;90.19607843137256;0;23;0.0
2020-2021;247;The Correctional Investigator Canada;L'Enquêteur correctionnel Canada;3;3;100.0;0.0;5.0;0.0;0;3;0.0;0.0;18.0;0.0;0;3;0.0
2020-2021;218;The National Battlefields Commission;Commission des champs de bataille nationaux;4;7;57.14285714285714;0.0;0.0;;4;7;57.14285714285714;11.0;11.0;100.0;0;7;0.0
2020-2021;138;Transport Canada;Transports Canada;71;107;66.35514018691589;107.0;111.0;96.3963963963964;4;107;3.7383177570093453;61.0;345.0;17.681159420289855;23;107;21.49532710280374
2020-2021;98;Transportation Safety Board of Canada;Bureau de la sécurité des transports du Canada;0;4;0.0;;;;0;4;0.0;0.0;24.0;0.0;0;4;0.0
2020-2021;326;Treasury Board of Canada Secretariat;Secrétariat du Conseil du Trésor du Canada;21;24;87.5;27.0;29.0;93.10344827586206;19;24;79.16666666666666;88.0;102.0;86.27450980392157;18;24;75.0
2020-2021;139;Veterans Affairs Canada;Anciens Combattants Canada;17;29;58.620689655172406;17.0;21.0;80.95238095238095;17;29;58.620689655172406;115.0;136.0;84.55882352941177;7;29;24.137931034482758
2020-2021;333;Veterans Review and Appeal Board;Tribunal des anciens combattants (révision et appel);1;1;100.0;0.0;1.0;0.0;0;1;0.0;5.0;6.0;83.33333333333334;1;1;100.0
2020-2021;246;Women and Gender Equality Canada;Femmes et Égalité des genres Canada;3;3;100.0;5.0;5.0;100.0;0;3;0.0;6.0;18.0;33.33333333333333;3;3;100.0
2021-2022;539;Administrative Tribunals Support Service of Canada;Service canadien d'appui aux tribunaux administratifs;0;3;0.0;;;;0;3;0.0;2.0;12.0;16.666666666666664;1;3;33.33333333333333
2021-2022;1;Agriculture and Agri-Food Canada;Agriculture et Agroalimentaire Canada;41;41;100.0;119.0;146.0;81.5068493150685;11;41;26.82926829268293;105.0;217.0;48.38709677419355;41;41;100.0
2021-2022;12;Atlantic Canada Opportunities Agency;Agence de promotion économique du Canada atlantique;3;5;60.0;3.0;7.0;42.857142857142854;0;5;0.0;11.0;14.0;78.57142857142857;2;5;40.0
2021-2022;26;Canada Border Services Agency;Agence des services frontaliers du Canada;26;35;74.28571428571429;30.0;43.0;69.76744186046511;3;35;8.571428571428571;28.0;148.0;18.91891891891892;2;35;5.714285714285714
2021-2022;141;Canada Economic Development for Quebec Regions;Développement économique Canada pour les régions du Québec;2;2;100.0;3.0;8.0;37.5;0;2;0.0;1.0;6.0;16.666666666666664;0;2;0.0
2021-2022;221;Canada Energy Regulator;Régie de l'énergie du Canada;14;14;100.0;12.0;13.0;92.3076923076923;0;14;0.0;11.0;82.0;13.414634146341465;9;14;64.28571428571429
2021-2022;46;Canada Revenue Agency;Agence du revenu du Canada;27;40;67.5;13.0;24.0;54.166666666666664;18;40;45.0;156.0;191.0;81.67539267015707;27;40;67.5
2021-2022;47;Canada School of Public Service;École de la fonction publique du Canada;1;1;100.0;1.0;2.0;50.0;1;1;100.0;5.0;5.0;100.0;0;1;0.0
2021-2022;55;Canadian Centre for Occupational Health and Safety;Centre canadien d’hygiène et de sécurité au travail;0;1;0.0;;;;0;1;0.0;;;;0;1;0.0
2021-2022;65;Canadian Food Inspection Agency;Agence canadienne d'inspection des aliments;22;114;19.298245614035086;20.0;29.0;68.96551724137932;1;114;0.8771929824561403;119.0;640.0;18.59375;3;114;2.631578947368421
2021-2022;69;Canadian Grain Commission;Commission canadienne des grains;9;13;69.23076923076923;9.0;9.0;100.0;0;13;0.0;10.0;52.0;19.230769230769234;13;13;100.0
2021-2022;122;Canadian Heritage;Patrimoine canadien;24;28;85.71428571428571;43.0;55.0;78.18181818181819;2;28;7.142857142857142;52.0;168.0;30.952380952380953;9;28;32.142857142857146
2021-2022;71;Canadian Human Rights Commission;Commission canadienne des droits de la personne;1;3;33.33333333333333;0.0;1.0;0.0;1;3;33.33333333333333;4.0;8.0;50.0;1;3;33.33333333333333
2021-2022;74;Canadian Institutes of Health Research;Instituts de recherche en santé du Canada;2;6;33.33333333333333;9.0;10.0;90.0;0;6;0.0;10.0;18.0;55.55555555555556;1;6;16.666666666666664
2021-2022;76;Canadian Intergovernmental Conference Secretariat;Secrétariat des conférences intergouvernementales canadiennes;2;2;100.0;2.0;3.0;66.66666666666666;0;2;0.0;5.0;8.0;62.5;2;2;100.0
2021-2022;86;Canadian Northern Economic Development Agency;Agence canadienne de développement économique du Nord;3;4;75.0;4.0;5.0;80.0;2;4;50.0;8.0;14.0;57.14285714285714;0;4;0.0
2021-2022;87;Canadian Nuclear Safety Commission;Commission canadienne de sûreté nucléaire;7;9;77.77777777777779;9.0;10.0;90.0;0;9;0.0;0.0;12.0;0.0;0;9;0.0
2021-2022;93;Canadian Radio-television and Telecommunications Commission;Conseil de la radiodiffusion et des télécommunications canadiennes;4;4;100.0;5.0;6.0;83.33333333333334;2;4;50.0;15.0;17.0;88.23529411764706;0;4;0.0
2021-2022;95;Canadian Space Agency;Agence spatiale canadienne;14;16;87.5;19.0;21.0;90.47619047619048;10;16;62.5;51.0;70.0;72.85714285714285;13;16;81.25
2021-2022;99;Canadian Transportation Agency;Office des transports du Canada;3;5;60.0;2.0;5.0;40.0;0;5;0.0;13.0;30.0;43.333333333333336;2;5;40.0
2021-2022;114;Copyright Board Canada;Commission du droit d'auteur Canada;3;3;100.0;0.0;3.0;0.0;1;3;33.33333333333333;5.0;16.0;31.25;0;3;0.0
2021-2022;117;Correctional Service Canada;Service correctionnel Canada;2;5;40.0;8.0;8.0;100.0;1;5;20.0;5.0;11.0;45.45454545454545;1;5;20.0
2021-2022;118;Courts Administration Service;Service administratif des tribunaux judiciaires;1;1;100.0;0.0;1.0;0.0;0;1;0.0;;;;0;1;0.0
2021-2022;129;Crown-Indigenous Relations and Northern Affairs Canada;Relations Couronne-Autochtones et Affaires du Nord Canada;35;39;89.74358974358975;27.0;28.0;96.42857142857143;12;39;30.76923076923077;43.0;50.0;86.0;15;39;38.46153846153847
2021-2022;124;Department of Finance Canada;Ministère des Finances Canada;1;6;16.666666666666664;0.0;1.0;0.0;0;6;0.0;5.0;18.0;27.77777777777778;0;6;0.0
2021-2022;348;Department of Indigenous Services;Ministère des Services aux Autochtones;14;87;16.091954022988507;10.0;20.0;50.0;5;87;5.747126436781609;32.0;127.0;25.196850393700785;17;87;19.54022988505747
2021-2022;132;Department of Justice Canada;Ministère de la Justice Canada;15;16;93.75;23.0;27.0;85.18518518518519;14;16;87.5;58.0;64.0;90.625;4;16;25.0
2021-2022;128;Employment and Social Development Canada;Emploi et Développement social Canada;27;30;90.0;45.0;71.0;63.38028169014085;14;30;46.666666666666664;78.0;133.0;58.64661654135338;9;30;30.0
2021-2022;137;Environment and Climate Change Canada;Environnement et Changement climatique Canada;35;48;72.91666666666666;45.0;60.0;75.0;11;48;22.916666666666664;79.0;208.0;37.980769230769226;15;48;31.25
2021-2022;222;Farm Products Council of Canada;Conseil des produits agricoles du Canada;0;2;0.0;;;;0;2;0.0;0.0;1.0;0.0;0;2;0.0
2021-2022;150;Federal Economic Development Agency for Southern Ontario;Agence fédérale de développement économique pour le Sud de l'Ontario;1;2;50.0;3.0;3.0;100.0;0;2;0.0;0.0;12.0;0.0;2;2;100.0
2021-2022;151;Financial Consumer Agency of Canada;Agence de la consommation en matière financière du Canada;1;2;50.0;1.0;2.0;50.0;0;2;0.0;6.0;12.0;50.0;1;2;50.0
2021-2022;152;Financial Transactions and Reports Analysis Centre of Canada;Centre d'analyse des opérations et déclarations financières du Canada;3;6;50.0;2.0;3.0;66.66666666666666;0;6;0.0;7.0;26.0;26.923076923076923;0;6;0.0
2021-2022;125;Fisheries and Oceans Canada;Pêches et Océans Canada;58;73;79.45205479452055;42.0;71.0;59.154929577464785;2;73;2.73972602739726;25.0;153.0;16.33986928104575;3;73;4.10958904109589
2021-2022;126;Global Affairs Canada;Affaires mondiales Canada;25;49;51.02040816326531;1.0;18.0;5.555555555555555;17;49;34.69387755102041;83.0;144.0;57.638888888888886;21;49;42.857142857142854
2021-2022;127;Health Canada;Santé Canada;41;88;46.590909090909086;37.0;55.0;67.27272727272727;8;88;9.090909090909092;94.0;210.0;44.761904761904766;48;88;54.54545454545454
2021-2022;237;Housing, Infrastructure and Communities Canada;Logement, Infrastructure et Collectivités Canada;3;3;100.0;4.0;5.0;80.0;0;3;0.0;0.0;18.0;0.0;0;3;0.0
2021-2022;174;Immigration and Refugee Board of Canada;Commission de l'immigration et du statut de réfugié du Canada;6;6;100.0;4.0;6.0;66.66666666666666;1;6;16.666666666666664;24.0;30.0;80.0;5;6;83.33333333333334
2021-2022;123;Immigration, Refugees and Citizenship Canada;Immigration, Réfugiés et Citoyenneté Canada;25;73;34.24657534246575;19.0;43.0;44.18604651162791;30;73;41.0958904109589;231.0;355.0;65.07042253521126;36;73;49.31506849315068
2021-2022;63;Impact Assessment Agency of Canada;Agence d'évaluation d'impact du Canada;8;10;80.0;16.0;20.0;80.0;9;10;90.0;16.0;16.0;100.0;7;10;70.0
2021-2022;130;Innovation, Science and Economic Development Canada;Innovation, Sciences et Développement économique Canada;49;75;65.33333333333333;169.0;231.0;73.16017316017316;19;75;25.333333333333336;133.0;176.0;75.56818181818183;32;75;42.66666666666667
2021-2022;347;Invest in Canada Hub;Investir au Canada;0;3;0.0;;;;0;3;0.0;3.0;18.0;16.666666666666664;0;3;0.0
2021-2022;199;Library and Archives Canada;Bibliothèque et Archives Canada;4;20;20.0;0.0;4.0;0.0;0;20;0.0;26.0;107.0;24.299065420560748;2;20;10.0
2021-2022;210;Military Police Complaints Commission of Canada;Commission d'examen des plaintes concernant la police militaire du Canada;1;1;100.0;0.0;14.0;0.0;0;1;0.0;0.0;6.0;0.0;0;1;0.0
2021-2022;133;National Defence;Défense nationale;4;10;40.0;9.0;12.0;75.0;1;10;10.0;19.0;35.0;54.285714285714285;8;10;80.0
2021-2022;223;National Film Board;Office national du film;5;5;100.0;0.0;10.0;0.0;0;5;0.0;14.0;21.0;66.66666666666666;1;5;20.0
2021-2022;228;National Research Council Canada;Conseil national de recherches Canada;16;16;100.0;28.0;32.0;87.5;6;16;37.5;35.0;51.0;68.62745098039215;13;16;81.25
2021-2022;302;National Security and Intelligence Review Agency Secretariat;Secrétariat de l’Office de surveillance des activités en matière de sécurité nationale et de renseignement;0;2;0.0;;;;0;2;0.0;;;;2;2;100.0
2021-2022;134;Natural Resources Canada;Ressources naturelles Canada;56;82;68.29268292682927;95.0;117.0;81.19658119658119;29;82;35.36585365853659;150.0;304.0;49.34210526315789;18;82;21.951219512195124
2021-2022;230;Natural Sciences and Engineering Research Council of Canada;Conseil de recherches en sciences naturelles et en génie du Canada;6;6;100.0;6.0;11.0;54.54545454545454;6;6;100.0;22.0;22.0;100.0;6;6;100.0
2021-2022;238;Office of the Auditor General of Canada;Bureau du vérificateur général du Canada;9;9;100.0;0.0;0.0;;1;9;11.11111111111111;2.0;2.0;100.0;9;9;100.0
2021-2022;240;Office of the Commissioner for Federal Judicial Affairs Canada;Commissariat à la magistrature fédérale Canada;0;6;0.0;;;;2;6;33.33333333333333;7.0;11.0;63.63636363636363;2;6;33.33333333333333
2021-2022;253;Office of the Superintendent of Financial Institutions Canada;Bureau du surintendant des institutions financières Canada;6;8;75.0;6.0;10.0;60.0;0;8;0.0;2.0;18.0;11.11111111111111;4;8;50.0
2021-2022;256;Offices of the Information and Privacy Commissioners of Canada;Commissariats à l’information et à la protection de la vie privée du Canada;7;11;63.63636363636363;0.0;7.0;0.0;0;11;0.0;6.0;29.0;20.689655172413794;2;11;18.181818181818183
2021-2022;263;Parks Canada;Parcs Canada;2;18;11.11111111111111;1.0;2.0;50.0;2;18;11.11111111111111;12.0;47.0;25.53191489361702;6;18;33.33333333333333
2021-2022;227;Parole Board of Canada;Commission des libérations conditionnelles du Canada;3;12;25.0;6.0;6.0;100.0;3;12;25.0;20.0;66.0;30.303030303030305;0;12;0.0
2021-2022;266;Patented Medicine Prices Review Board Canada;Conseil d'examen du prix des médicaments brevetés Canada;1;2;50.0;0.0;1.0;0.0;1;2;50.0;5.0;5.0;100.0;0;2;0.0
2021-2022;552;Polar Knowledge Canada;Savoir polaire Canada;2;2;100.0;3.0;3.0;100.0;0;2;0.0;2.0;12.0;16.666666666666664;0;2;0.0
2021-2022;140;Prairies Economic Development Canada;Développement économique Canada pour les Prairies;2;3;66.66666666666666;5.0;5.0;100.0;1;3;33.33333333333333;6.0;6.0;100.0;3;3;100.0
2021-2022;278;Privy Council Office;Bureau du Conseil privé;2;3;66.66666666666666;2.0;2.0;100.0;1;3;33.33333333333333;1.0;1.0;100.0;0;3;0.0
2021-2022;280;Public Health Agency of Canada;Agence de la santé publique du Canada;19;24;79.16666666666666;22.0;24.0;91.66666666666666;4;24;16.666666666666664;19.0;57.0;33.33333333333333;8;24;33.33333333333333
2021-2022;248;Public Prosecution Service of Canada;Service des poursuites pénales du Canada;0;3;0.0;;;;0;3;0.0;2.0;11.0;18.181818181818183;1;3;33.33333333333333
2021-2022;135;Public Safety Canada;Sécurité publique Canada;36;59;61.016949152542374;53.0;65.0;81.53846153846153;2;59;3.389830508474576;23.0;236.0;9.745762711864407;19;59;32.20338983050847
2021-2022;282;Public Service Commission of Canada;Commission de la fonction publique du Canada;5;20;25.0;5.0;7.0;71.42857142857143;12;20;60.0;78.0;106.0;73.58490566037736;18;20;90.0
2021-2022;136;Public Services and Procurement Canada;Services publics et Approvisionnement Canada;26;45;57.77777777777777;41.0;59.0;69.49152542372882;12;45;26.666666666666668;45.0;84.0;53.57142857142857;27;45;60.0
2021-2022;296;RCMP External Review Committee;Comité externe d'examen de la GRC;1;1;100.0;0.0;1.0;0.0;0;1;0.0;0.0;6.0;0.0;0;1;0.0
2021-2022;295;Royal Canadian Mounted Police;Gendarmerie royale du Canada;15;51;29.411764705882355;14.0;31.0;45.16129032258064;31;51;60.78431372549019;38.0;75.0;50.66666666666667;3;51;5.88235294117647
2021-2022;305;Shared Services Canada;Services partagés Canada;10;12;83.33333333333334;0.0;15.0;0.0;5;12;41.66666666666667;40.0;61.0;65.57377049180327;11;12;91.66666666666666
2021-2022;306;Social Sciences and Humanities Research Council of Canada;Conseil de recherches en sciences humaines du Canada;6;6;100.0;5.0;12.0;41.66666666666667;5;6;83.33333333333334;20.0;20.0;100.0;5;6;83.33333333333334
2021-2022;313;Statistics Canada;Statistique Canada;23;23;100.0;36.0;37.0;97.2972972972973;23;23;100.0;49.0;49.0;100.0;16;23;69.56521739130434
2021-2022;247;The Correctional Investigator Canada;L'Enquêteur correctionnel Canada;3;3;100.0;0.0;5.0;0.0;0;3;0.0;0.0;18.0;0.0;0;3;0.0
2021-2022;218;The National Battlefields Commission;Commission des champs de bataille nationaux;4;7;57.14285714285714;0.0;4.0;0.0;4;7;57.14285714285714;11.0;11.0;100.0;0;7;0.0
2021-2022;138;Transport Canada;Transports Canada;73;107;68.22429906542055;99.0;225.0;44.0;6;107;5.607476635514018;68.0;349.0;19.484240687679083;23;107;21.49532710280374
2021-2022;98;Transportation Safety Board of Canada;Bureau de la sécurité des transports du Canada;0;4;0.0;;;;0;4;0.0;0.0;24.0;0.0;0;4;0.0
2021-2022;326;Treasury Board of Canada Secretariat;Secrétariat du Conseil du Trésor du Canada;21;23;91.30434782608695;30.0;30.0;100.0;19;23;82.6086956521739;84.0;96.0;87.5;18;23;78.26086956521739
2021-2022;139;Veterans Affairs Canada;Anciens Combattants Canada;19;29;65.51724137931035;13.0;23.0;56.52173913043478;15;29;51.724137931034484;116.0;139.0;83.45323741007195;14;29;48.275862068965516
2021-2022;333;Veterans Review and Appeal Board;Tribunal des anciens combattants (révision et appel);1;1;100.0;0.0;1.0;0.0;0;1;0.0;5.0;6.0;83.33333333333334;1;1;100.0
2021-2022;246;Women and Gender Equality Canada;Femmes et Égalité des genres Canada;3;3;100.0;4.0;4.0;100.0;1;3;33.33333333333333;6.0;6.0;100.0;3;3;100.0
2022-2023;539;Administrative Tribunals Support Service of Canada;Service canadien d'appui aux tribunaux administratifs;0;3;0.0;;;;1;3;33.33333333333333;2.0;8.0;25.0;1;3;33.33333333333333
2022-2023;1;Agriculture and Agri-Food Canada;Agriculture et Agroalimentaire Canada;43;43;100.0;140.0;155.0;90.32258064516128;18;43;41.86046511627907;137.0;229.0;59.82532751091703;37;43;86.04651162790698
2022-2023;12;Atlantic Canada Opportunities Agency;Agence de promotion économique du Canada atlantique;3;5;60.0;5.0;7.0;71.42857142857143;0;5;0.0;10.0;12.0;83.33333333333334;3;5;60.0
2022-2023;26;Canada Border Services Agency;Agence des services frontaliers du Canada;26;41;63.41463414634146;27.0;42.0;64.28571428571429;4;41;9.75609756097561;28.0;151.0;18.543046357615893;1;41;2.4390243902439024
2022-2023;141;Canada Economic Development for Quebec Regions;Développement économique Canada pour les régions du Québec;2;2;100.0;3.0;8.0;37.5;0;2;0.0;1.0;6.0;16.666666666666664;1;2;50.0
2022-2023;221;Canada Energy Regulator;Régie de l'énergie du Canada;13;13;100.0;17.0;17.0;100.0;0;13;0.0;10.0;76.0;13.157894736842104;0;13;0.0
2022-2023;46;Canada Revenue Agency;Agence du revenu du Canada;32;49;65.3061224489796;27.0;35.0;77.14285714285715;10;49;20.408163265306122;123.0;227.0;54.18502202643172;19;49;38.775510204081634
2022-2023;47;Canada School of Public Service;École de la fonction publique du Canada;1;1;100.0;0.0;2.0;0.0;1;1;100.0;5.0;5.0;100.0;0;1;0.0
2022-2023;55;Canadian Centre for Occupational Health and Safety;Centre canadien d’hygiène et de sécurité au travail;0;1;0.0;;;;0;1;0.0;;;;1;1;100.0
2022-2023;65;Canadian Food Inspection Agency;Agence canadienne d'inspection des aliments;26;122;21.311475409836063;21.0;29.0;72.41379310344827;5;122;4.098360655737705;141.0;687.0;20.52401746724891;4;122;3.278688524590164
2022-2023;69;Canadian Grain Commission;Commission canadienne des grains;9;13;69.23076923076923;8.0;9.0;88.88888888888889;0;13;0.0;10.0;52.0;19.230769230769234;13;13;100.0
2022-2023;122;Canadian Heritage;Patrimoine canadien;49;69;71.01449275362319;93.0;129.0;72.09302325581395;2;69;2.898550724637681;99.0;414.0;23.91304347826087;16;69;23.18840579710145
2022-2023;71;Canadian Human Rights Commission;Commission canadienne des droits de la personne;0;2;0.0;;;;0;2;0.0;0.0;6.0;0.0;1;2;50.0
2022-2023;74;Canadian Institutes of Health Research;Instituts de recherche en santé du Canada;2;5;40.0;8.0;10.0;80.0;0;5;0.0;6.0;12.0;50.0;0;5;0.0
2022-2023;76;Canadian Intergovernmental Conference Secretariat;Secrétariat des conférences intergouvernementales canadiennes;2;2;100.0;2.0;3.0;66.66666666666666;0;2;0.0;5.0;8.0;62.5;2;2;100.0
2022-2023;86;Canadian Northern Economic Development Agency;Agence canadienne de développement économique du Nord;3;4;75.0;3.0;5.0;60.0;2;4;50.0;9.0;15.0;60.0;0;4;0.0
2022-2023;87;Canadian Nuclear Safety Commission;Commission canadienne de sûreté nucléaire;7;9;77.77777777777779;7.0;10.0;70.0;0;9;0.0;0.0;12.0;0.0;0;9;0.0
2022-2023;93;Canadian Radio-television and Telecommunications Commission;Conseil de la radiodiffusion et des télécommunications canadiennes;3;3;100.0;5.0;5.0;100.0;2;3;66.66666666666666;12.0;13.0;92.3076923076923;2;3;66.66666666666666
2022-2023;95;Canadian Space Agency;Agence spatiale canadienne;14;17;82.35294117647058;21.0;23.0;91.30434782608695;11;17;64.70588235294117;47.0;64.0;73.4375;11;17;64.70588235294117
2022-2023;99;Canadian Transportation Agency;Office des transports du Canada;1;1;100.0;0.0;1.0;0.0;0;1;0.0;0.0;6.0;0.0;0;1;0.0
2022-2023;297;Civilian Review and Complaints Commission for the RCMP;Commission civile d’examen et de traitement des plaintes relatives à la GRC;2;3;66.66666666666666;1.0;3.0;33.33333333333333;0;3;0.0;0.0;3.0;0.0;3;3;100.0
2022-2023;117;Correctional Service Canada;Service correctionnel Canada;2;5;40.0;7.0;8.0;87.5;1;5;20.0;6.0;12.0;50.0;4;5;80.0
2022-2023;118;Courts Administration Service;Service administratif des tribunaux judiciaires;1;1;100.0;0.0;1.0;0.0;0;1;0.0;0.0;6.0;0.0;0;1;0.0
2022-2023;129;Crown-Indigenous Relations and Northern Affairs Canada;Relations Couronne-Autochtones et Affaires du Nord Canada;36;42;85.71428571428571;25.0;35.0;71.42857142857143;5;42;11.904761904761903;34.0;75.0;45.33333333333333;11;42;26.190476190476193
2022-2023;124;Department of Finance Canada;Ministère des Finances Canada;1;6;16.666666666666664;0.0;1.0;0.0;0;6;0.0;5.0;18.0;27.77777777777778;1;6;16.666666666666664
2022-2023;348;Department of Indigenous Services;Ministère des Services aux Autochtones;15;88;17.045454545454543;9.0;23.0;39.130434782608695;5;88;5.681818181818182;32.0;132.0;24.242424242424242;23;88;26.136363636363637
2022-2023;132;Department of Justice Canada;Ministère de la Justice Canada;15;16;93.75;19.0;28.0;67.85714285714286;3;16;18.75;43.0;60.0;71.66666666666667;3;16;18.75
2022-2023;128;Employment and Social Development Canada;Emploi et Développement social Canada;29;32;90.625;39.0;73.0;53.42465753424658;14;32;43.75;76.0;132.0;57.57575757575758;15;32;46.875
2022-2023;137;Environment and Climate Change Canada;Environnement et Changement climatique Canada;36;47;76.59574468085107;43.0;99.0;43.43434343434344;10;47;21.27659574468085;72.0;199.0;36.18090452261307;10;47;21.27659574468085
2022-2023;222;Farm Products Council of Canada;Conseil des produits agricoles du Canada;0;2;0.0;;;;0;2;0.0;0.0;1.0;0.0;0;2;0.0
2022-2023;561;Federal Economic Development Agency for Northern Ontario;Agence fédérale de développement économique pour le Nord de l’Ontario;1;2;50.0;3.0;3.0;100.0;0;2;0.0;;;;0;2;0.0
2022-2023;150;Federal Economic Development Agency for Southern Ontario;Agence fédérale de développement économique pour le Sud de l'Ontario;1;2;50.0;3.0;3.0;100.0;0;2;0.0;2.0;12.0;16.666666666666664;2;2;100.0
2022-2023;151;Financial Consumer Agency of Canada;Agence de la consommation en matière financière du Canada;1;2;50.0;1.0;2.0;50.0;0;2;0.0;6.0;12.0;50.0;0;2;0.0
2022-2023;152;Financial Transactions and Reports Analysis Centre of Canada;Centre d'analyse des opérations et déclarations financières du Canada;3;6;50.0;3.0;3.0;100.0;0;6;0.0;7.0;26.0;26.923076923076923;6;6;100.0
2022-2023;125;Fisheries and Oceans Canada;Pêches et Océans Canada;17;93;18.27956989247312;29.0;36.0;80.55555555555556;2;93;2.1505376344086025;28.0;416.0;6.730769230769231;9;93;9.67741935483871
2022-2023;126;Global Affairs Canada;Affaires mondiales Canada;16;97;16.49484536082474;18.0;26.0;69.23076923076923;16;97;16.49484536082474;110.0;232.0;47.41379310344828;47;97;48.45360824742268
2022-2023;127;Health Canada;Santé Canada;45;83;54.21686746987952;34.0;57.0;59.64912280701754;8;83;9.63855421686747;71.0;187.0;37.967914438502675;38;83;45.78313253012048
2022-2023;237;Housing, Infrastructure and Communities Canada;Logement, Infrastructure et Collectivités Canada;16;16;100.0;23.0;27.0;85.18518518518519;0;16;0.0;21.0;60.0;35.0;3;16;18.75
2022-2023;174;Immigration and Refugee Board of Canada;Commission de l'immigration et du statut de réfugié du Canada;0;1;0.0;;;;0;1;0.0;5.0;6.0;83.33333333333334;0;1;0.0
2022-2023;123;Immigration, Refugees and Citizenship Canada;Immigration, Réfugiés et Citoyenneté Canada;13;22;59.09090909090909;19.0;42.0;45.23809523809524;17;22;77.27272727272727;94.0;107.0;87.85046728971963;22;22;100.0
2022-2023;63;Impact Assessment Agency of Canada;Agence d'évaluation d'impact du Canada;8;10;80.0;12.0;17.0;70.58823529411765;10;10;100.0;16.0;16.0;100.0;7;10;70.0
2022-2023;130;Innovation, Science and Economic Development Canada;Innovation, Sciences et Développement économique Canada;60;75;80.0;179.0;232.0;77.15517241379311;52;75;69.33333333333334;207.0;272.0;76.10294117647058;35;75;46.666666666666664
2022-2023;199;Library and Archives Canada;Bibliothèque et Archives Canada;5;20;25.0;1.0;5.0;20.0;0;20;0.0;28.0;107.0;26.168224299065418;3;20;15.0
2022-2023;210;Military Police Complaints Commission of Canada;Commission d'examen des plaintes concernant la police militaire du Canada;1;1;100.0;0.0;14.0;0.0;0;1;0.0;0.0;6.0;0.0;1;1;100.0
2022-2023;133;National Defence;Défense nationale;4;12;33.33333333333333;10.0;12.0;83.33333333333334;4;12;33.33333333333333;17.0;22.0;77.27272727272727;4;12;33.33333333333333
2022-2023;228;National Research Council Canada;Conseil national de recherches Canada;15;15;100.0;26.0;31.0;83.87096774193549;8;15;53.333333333333336;37.0;46.0;80.43478260869566;9;15;60.0
2022-2023;302;National Security and Intelligence Review Agency Secretariat;Secrétariat de l’Office de surveillance des activités en matière de sécurité nationale et de renseignement;0;2;0.0;;;;0;2;0.0;0.0;6.0;0.0;0;2;0.0
2022-2023;134;Natural Resources Canada;Ressources naturelles Canada;73;87;83.9080459770115;106.0;140.0;75.71428571428571;27;87;31.03448275862069;133.0;282.0;47.16312056737589;53;87;60.91954022988506
2022-2023;230;Natural Sciences and Engineering Research Council of Canada;Conseil de recherches en sciences naturelles et en génie du Canada;6;6;100.0;8.0;11.0;72.72727272727273;6;6;100.0;22.0;22.0;100.0;6;6;100.0
2022-2023;238;Office of the Auditor General of Canada;Bureau du vérificateur général du Canada;9;9;100.0;7.0;9.0;77.77777777777779;1;9;11.11111111111111;2.0;2.0;100.0;9;9;100.0
2022-2023;240;Office of the Commissioner for Federal Judicial Affairs Canada;Commissariat à la magistrature fédérale Canada;0;6;0.0;;;;3;6;50.0;7.0;11.0;63.63636363636363;2;6;33.33333333333333
2022-2023;253;Office of the Superintendent of Financial Institutions Canada;Bureau du surintendant des institutions financières Canada;5;7;71.42857142857143;5.0;10.0;50.0;0;7;0.0;0.0;12.0;0.0;4;7;57.14285714285714
2022-2023;256;Offices of the Information and Privacy Commissioners of Canada;Commissariats à l’information et à la protection de la vie privée du Canada;7;11;63.63636363636363;3.0;7.0;42.857142857142854;0;11;0.0;7.0;30.0;23.333333333333332;2;11;18.181818181818183
2022-2023;560;Pacific Economic Development Agency of Canada;Agence de développement économique du Pacifique Canada;2;3;66.66666666666666;3.0;5.0;60.0;2;3;66.66666666666666;7.0;8.0;87.5;0;3;0.0
2022-2023;263;Parks Canada;Parcs Canada;8;24;33.33333333333333;4.0;11.0;36.36363636363637;1;24;4.166666666666666;8.0;34.0;23.52941176470588;4;24;16.666666666666664
2022-2023;227;Parole Board of Canada;Commission des libérations conditionnelles du Canada;3;10;30.0;5.0;5.0;100.0;1;10;10.0;8.0;54.0;14.814814814814813;0;10;0.0
2022-2023;266;Patented Medicine Prices Review Board Canada;Conseil d'examen du prix des médicaments brevetés Canada;0;1;0.0;;;;0;1;0.0;;;;0;1;0.0
2022-2023;552;Polar Knowledge Canada;Savoir polaire Canada;2;2;100.0;1.0;1.0;100.0;0;2;0.0;2.0;12.0;16.666666666666664;0;2;0.0
2022-2023;140;Prairies Economic Development Canada;Développement économique Canada pour les Prairies;2;3;66.66666666666666;5.0;5.0;100.0;3;3;100.0;8.0;8.0;100.0;3;3;100.0
2022-2023;278;Privy Council Office;Bureau du Conseil privé;3;3;100.0;3.0;3.0;100.0;1;3;33.33333333333333;1.0;1.0;100.0;0;3;0.0
2022-2023;280;Public Health Agency of Canada;Agence de la santé publique du Canada;19;19;100.0;19.0;24.0;79.16666666666666;3;19;15.789473684210526;23.0;41.0;56.09756097560976;10;19;52.63157894736842
2022-2023;248;Public Prosecution Service of Canada;Service des poursuites pénales du Canada;0;2;0.0;;;;0;2;0.0;0.0;5.0;0.0;0;2;0.0
2022-2023;135;Public Safety Canada;Sécurité publique Canada;36;59;61.016949152542374;45.0;64.0;70.3125;3;59;5.084745762711865;22.0;201.0;10.945273631840797;22;59;37.28813559322034
2022-2023;282;Public Service Commission of Canada;Commission de la fonction publique du Canada;16;20;80.0;4.0;18.0;22.22222222222222;10;20;50.0;70.0;106.0;66.0377358490566;13;20;65.0
2022-2023;136;Public Services and Procurement Canada;Services publics et Approvisionnement Canada;30;47;63.829787234042556;49.0;67.0;73.13432835820896;10;47;21.27659574468085;49.0;101.0;48.51485148514851;31;47;65.95744680851064
2022-2023;295;Royal Canadian Mounted Police;Gendarmerie royale du Canada;15;49;30.612244897959183;8.0;32.0;25.0;8;49;16.3265306122449;51.0;108.0;47.22222222222222;13;49;26.53061224489796
2022-2023;305;Shared Services Canada;Services partagés Canada;9;11;81.81818181818183;0.0;14.0;0.0;5;11;45.45454545454545;38.0;55.0;69.0909090909091;11;11;100.0
2022-2023;306;Social Sciences and Humanities Research Council of Canada;Conseil de recherches en sciences humaines du Canada;7;7;100.0;13.0;16.0;81.25;6;7;85.71428571428571;30.0;30.0;100.0;0;7;0.0
2022-2023;313;Statistics Canada;Statistique Canada;23;23;100.0;36.0;37.0;97.2972972972973;22;23;95.65217391304348;50.0;51.0;98.0392156862745;19;23;82.6086956521739
2022-2023;247;The Correctional Investigator Canada;L'Enquêteur correctionnel Canada;3;3;100.0;0.0;5.0;0.0;0;3;0.0;0.0;18.0;0.0;2;3;66.66666666666666
2022-2023;138;Transport Canada;Transports Canada;60;107;56.074766355140184;112.0;204.0;54.90196078431373;16;107;14.953271028037381;106.0;562.0;18.86120996441281;14;107;13.084112149532709
2022-2023;98;Transportation Safety Board of Canada;Bureau de la sécurité des transports du Canada;0;4;0.0;;;;0;4;0.0;0.0;24.0;0.0;0;4;0.0
2022-2023;326;Treasury Board of Canada Secretariat;Secrétariat du Conseil du Trésor du Canada;22;27;81.48148148148148;29.0;30.0;96.66666666666667;19;27;70.37037037037037;105.0;116.0;90.51724137931035;18;27;66.66666666666666
2022-2023;139;Veterans Affairs Canada;Anciens Combattants Canada;20;30;66.66666666666666;18.0;24.0;75.0;19;30;63.33333333333333;123.0;141.0;87.2340425531915;18;30;60.0
2022-2023;333;Veterans Review and Appeal Board;Tribunal des anciens combattants (révision et appel);1;1;100.0;0.0;1.0;0.0;0;1;0.0;5.0;6.0;83.33333333333334;0;1;0.0
2022-2023;246;Women and Gender Equality Canada;Femmes et Égalité des genres Canada;3;3;100.0;4.0;6.0;66.66666666666666;3;3;100.0;18.0;18.0;100.0;3;3;100.0
2023-2024;539;Administrative Tribunals Support Service of Canada;Service canadien d'appui aux tribunaux administratifs;0;3;0.0;;;;0;3;0.0;2.0;12.0;16.666666666666664;0;3;0.0
2023-2024;1;Agriculture and Agri-Food Canada;Agriculture et Agroalimentaire Canada;34;35;97.14285714285714;83.0;100.0;83.0;17;35;48.57142857142857;113.0;179.0;63.128491620111724;25;35;71.42857142857143
2023-2024;12;Atlantic Canada Opportunities Agency;Agence de promotion économique du Canada atlantique;2;4;50.0;3.0;4.0;75.0;0;4;0.0;5.0;6.0;83.33333333333334;0;4;0.0
2023-2024;26;Canada Border Services Agency;Agence des services frontaliers du Canada;26;41;63.41463414634146;27.0;43.0;62.7906976744186;5;41;12.195121951219512;38.0;143.0;26.573426573426573;1;41;2.4390243902439024
2023-2024;141;Canada Economic Development for Quebec Regions;Développement économique Canada pour les régions du Québec;3;3;100.0;8.0;8.0;100.0;1;3;33.33333333333333;2.0;7.0;28.57142857142857;1;3;33.33333333333333
2023-2024;221;Canada Energy Regulator;Régie de l'énergie du Canada;14;14;100.0;18.0;19.0;94.73684210526315;0;14;0.0;12.0;82.0;14.634146341463413;14;14;100.0
2023-2024;46;Canada Revenue Agency;Agence du revenu du Canada;31;48;64.58333333333334;18.0;32.0;56.25;11;48;22.916666666666664;112.0;197.0;56.852791878172596;17;48;35.41666666666667
2023-2024;47;Canada School of Public Service;École de la fonction publique du Canada;0;1;0.0;;;;1;1;100.0;3.0;3.0;100.0;0;1;0.0
2023-2024;55;Canadian Centre for Occupational Health and Safety;Centre canadien d’hygiène et de sécurité au travail;0;5;0.0;;;;5;5;100.0;18.0;18.0;100.0;1;5;20.0
2023-2024;65;Canadian Food Inspection Agency;Agence canadienne d'inspection des aliments;25;125;20.0;29.0;34.0;85.29411764705883;25;125;20.0;190.0;723.0;26.279391424619643;0;125;0.0
2023-2024;69;Canadian Grain Commission;Commission canadienne des grains;9;13;69.23076923076923;9.0;9.0;100.0;2;13;15.384615384615385;9.0;36.0;25.0;0;13;0.0
2023-2024;122;Canadian Heritage;Patrimoine canadien;49;69;71.01449275362319;108.0;139.0;77.6978417266187;3;69;4.3478260869565215;100.0;409.0;24.449877750611247;26;69;37.68115942028986
2023-2024;71;Canadian Human Rights Commission;Commission canadienne des droits de la personne;0;9;0.0;;;;4;9;44.44444444444444;17.0;21.0;80.95238095238095;1;9;11.11111111111111
2023-2024;74;Canadian Institutes of Health Research;Instituts de recherche en santé du Canada;2;5;40.0;7.0;10.0;70.0;0;5;0.0;5.0;10.0;50.0;5;5;100.0
2023-2024;76;Canadian Intergovernmental Conference Secretariat;Secrétariat des conférences intergouvernementales canadiennes;2;2;100.0;3.0;3.0;100.0;2;2;100.0;7.0;7.0;100.0;2;2;100.0
2023-2024;86;Canadian Northern Economic Development Agency;Agence canadienne de développement économique du Nord;3;4;75.0;4.0;5.0;80.0;2;4;50.0;9.0;15.0;60.0;0;4;0.0
2023-2024;93;Canadian Radio-television and Telecommunications Commission;Conseil de la radiodiffusion et des télécommunications canadiennes;3;3;100.0;6.0;6.0;100.0;2;3;66.66666666666666;12.0;12.0;100.0;2;3;66.66666666666666
2023-2024;95;Canadian Space Agency;Agence spatiale canadienne;18;19;94.73684210526315;23.0;24.0;95.83333333333334;11;19;57.89473684210527;55.0;78.0;70.51282051282051;6;19;31.57894736842105
2023-2024;99;Canadian Transportation Agency;Office des transports du Canada;4;5;80.0;3.0;5.0;60.0;4;5;80.0;14.0;16.0;87.5;2;5;40.0
2023-2024;297;Civilian Review and Complaints Commission for the RCMP;Commission civile d’examen et de traitement des plaintes relatives à la GRC;2;3;66.66666666666666;1.0;3.0;33.33333333333333;0;3;0.0;3.0;6.0;50.0;2;3;66.66666666666666
2023-2024;110;Communications Security Establishment Canada;Centre de la sécurité des télécommunications Canada;15;15;100.0;16.0;17.0;94.11764705882352;4;15;26.666666666666668;31.0;41.0;75.60975609756098;0;15;0.0
2023-2024;114;Copyright Board Canada;Commission du droit d'auteur Canada;2;2;100.0;0.0;0.0;;0;2;0.0;2.0;4.0;50.0;0;2;0.0
2023-2024;117;Correctional Service Canada;Service correctionnel Canada;2;5;40.0;6.0;8.0;75.0;1;5;20.0;6.0;12.0;50.0;4;5;80.0
2023-2024;118;Courts Administration Service;Service administratif des tribunaux judiciaires;0;2;0.0;;;;0;2;0.0;0.0;12.0;0.0;0;2;0.0
2023-2024;129;Crown-Indigenous Relations and Northern Affairs Canada;Relations Couronne-Autochtones et Affaires du Nord Canada;30;39;76.92307692307693;19.0;19.0;100.0;1;39;2.564102564102564;24.0;53.0;45.28301886792453;14;39;35.8974358974359
2023-2024;124;Department of Finance Canada;Ministère des Finances Canada;0;4;0.0;;;;1;4;25.0;1.0;1.0;100.0;0;4;0.0
2023-2024;348;Department of Indigenous Services;Ministère des Services aux Autochtones;15;88;17.045454545454543;10.0;24.0;41.66666666666667;9;88;10.227272727272728;34.0;118.0;28.8135593220339;12;88;13.636363636363635
2023-2024;132;Department of Justice Canada;Ministère de la Justice Canada;0;15;0.0;;;;7;15;46.666666666666664;39.0;50.0;78.0;4;15;26.666666666666668
2023-2024;128;Employment and Social Development Canada;Emploi et Développement social Canada;29;31;93.54838709677419;44.0;74.0;59.45945945945946;14;31;45.16129032258064;70.0;135.0;51.85185185185185;22;31;70.96774193548387
2023-2024;137;Environment and Climate Change Canada;Environnement et Changement climatique Canada;40;49;81.63265306122449;43.0;56.0;76.78571428571429;4;49;8.16326530612245;65.0;244.0;26.639344262295083;1;49;2.0408163265306123
2023-2024;222;Farm Products Council of Canada;Conseil des produits agricoles du Canada;0;2;0.0;;;;0;2;0.0;;;;0;2;0.0
2023-2024;561;Federal Economic Development Agency for Northern Ontario;Agence fédérale de développement économique pour le Nord de l’Ontario;1;2;50.0;1.0;3.0;33.33333333333333;0;2;0.0;0.0;1.0;0.0;0;2;0.0
2023-2024;150;Federal Economic Development Agency for Southern Ontario;Agence fédérale de développement économique pour le Sud de l'Ontario;1;2;50.0;2.0;2.0;100.0;1;2;50.0;3.0;6.0;50.0;0;2;0.0
2023-2024;151;Financial Consumer Agency of Canada;Agence de la consommation en matière financière du Canada;1;2;50.0;0.0;1.0;0.0;1;2;50.0;7.0;9.0;77.77777777777779;0;2;0.0
2023-2024;152;Financial Transactions and Reports Analysis Centre of Canada;Centre d'analyse des opérations et déclarations financières du Canada;3;6;50.0;0.0;0.0;;0;6;0.0;7.0;26.0;26.923076923076923;6;6;100.0
2023-2024;125;Fisheries and Oceans Canada;Pêches et Océans Canada;0;75;0.0;;;;3;75;4.0;34.0;320.0;10.625;5;75;6.666666666666667
2023-2024;126;Global Affairs Canada;Affaires mondiales Canada;45;75;60.0;22.0;31.0;70.96774193548387;14;75;18.666666666666668;105.0;196.0;53.57142857142857;37;75;49.333333333333336
2023-2024;127;Health Canada;Santé Canada;45;84;53.57142857142857;35.0;52.0;67.3076923076923;9;84;10.714285714285714;76.0;170.0;44.70588235294118;14;84;16.666666666666664
2023-2024;237;Housing, Infrastructure and Communities Canada;Logement, Infrastructure et Collectivités Canada;17;17;100.0;25.0;30.0;83.33333333333334;2;17;11.76470588235294;33.0;60.0;55.00000000000001;7;17;41.17647058823529
2023-2024;174;Immigration and Refugee Board of Canada;Commission de l'immigration et du statut de réfugié du Canada;0;1;0.0;;;;1;1;100.0;6.0;6.0;100.0;0;1;0.0
2023-2024;123;Immigration, Refugees and Citizenship Canada;Immigration, Réfugiés et Citoyenneté Canada;13;20;65.0;23.0;44.0;52.27272727272727;15;20;75.0;86.0;99.0;86.86868686868688;0;20;0.0
2023-2024;63;Impact Assessment Agency of Canada;Agence d'évaluation d'impact du Canada;8;10;80.0;12.0;19.0;63.1578947368421;10;10;100.0;16.0;16.0;100.0;6;10;60.0
2023-2024;130;Innovation, Science and Economic Development Canada;Innovation, Sciences et Développement économique Canada;66;77;85.71428571428571;178.0;222.0;80.18018018018019;54;77;70.12987012987013;188.0;234.0;80.34188034188034;41;77;53.246753246753244
2023-2024;199;Library and Archives Canada;Bibliothèque et Archives Canada;0;12;0.0;;;;0;12;0.0;14.0;72.0;19.444444444444446;1;12;8.333333333333332
2023-2024;210;Military Police Complaints Commission of Canada;Commission d'examen des plaintes concernant la police militaire du Canada;0;2;0.0;;;;0;2;0.0;0.0;12.0;0.0;0;2;0.0
2023-2024;133;National Defence;Défense nationale;3;16;18.75;10.0;11.0;90.9090909090909;0;16;0.0;11.0;59.0;18.64406779661017;0;16;0.0
2023-2024;223;National Film Board;Office national du film;5;5;100.0;0.0;0.0;;2;5;40.0;19.0;21.0;90.47619047619048;0;5;0.0
2023-2024;228;National Research Council Canada;Conseil national de recherches Canada;14;15;93.33333333333333;25.0;29.0;86.20689655172413;8;15;53.333333333333336;33.0;43.0;76.74418604651163;5;15;33.33333333333333
2023-2024;302;National Security and Intelligence Review Agency Secretariat;Secrétariat de l’Office de surveillance des activités en matière de sécurité nationale et de renseignement;0;2;0.0;;;;0;2;0.0;;;;0;2;0.0
2023-2024;134;Natural Resources Canada;Ressources naturelles Canada;68;80;85.0;103.0;128.0;80.46875;21;80;26.25;101.0;246.0;41.05691056910569;28;80;35.0
2023-2024;230;Natural Sciences and Engineering Research Council of Canada;Conseil de recherches en sciences naturelles et en génie du Canada;6;6;100.0;6.0;10.0;60.0;6;6;100.0;24.0;24.0;100.0;6;6;100.0
2023-2024;238;Office of the Auditor General of Canada;Bureau du vérificateur général du Canada;9;9;100.0;4.0;9.0;44.44444444444444;1;9;11.11111111111111;2.0;2.0;100.0;9;9;100.0
2023-2024;240;Office of the Commissioner for Federal Judicial Affairs Canada;Commissariat à la magistrature fédérale Canada;0;7;0.0;;;;0;7;0.0;4.0;11.0;36.36363636363637;1;7;14.285714285714285
2023-2024;253;Office of the Superintendent of Financial Institutions Canada;Bureau du surintendant des institutions financières Canada;5;7;71.42857142857143;5.0;9.0;55.55555555555556;0;7;0.0;0.0;12.0;0.0;0;7;0.0
2023-2024;256;Offices of the Information and Privacy Commissioners of Canada;Commissariats à l’information et à la protection de la vie privée du Canada;7;10;70.0;2.0;6.0;33.33333333333333;0;10;0.0;6.0;25.0;24.0;2;10;20.0
2023-2024;560;Pacific Economic Development Agency of Canada;Agence de développement économique du Pacifique Canada;2;3;66.66666666666666;1.0;4.0;25.0;2;3;66.66666666666666;7.0;8.0;87.5;3;3;100.0
2023-2024;263;Parks Canada;Parcs Canada;10;26;38.46153846153847;4.0;4.0;100.0;2;26;7.6923076923076925;19.0;65.0;29.230769230769234;3;26;11.538461538461538
2023-2024;227;Parole Board of Canada;Commission des libérations conditionnelles du Canada;3;10;30.0;3.0;5.0;60.0;4;10;40.0;24.0;24.0;100.0;1;10;10.0
2023-2024;266;Patented Medicine Prices Review Board Canada;Conseil d'examen du prix des médicaments brevetés Canada;0;1;0.0;;;;0;1;0.0;;;;0;1;0.0
2023-2024;552;Polar Knowledge Canada;Savoir polaire Canada;3;3;100.0;4.0;5.0;80.0;1;3;33.33333333333333;4.0;14.0;28.57142857142857;1;3;33.33333333333333
2023-2024;140;Prairies Economic Development Canada;Développement économique Canada pour les Prairies;2;3;66.66666666666666;5.0;5.0;100.0;2;3;66.66666666666666;7.0;7.0;100.0;3;3;100.0
2023-2024;278;Privy Council Office;Bureau du Conseil privé;3;3;100.0;3.0;3.0;100.0;1;3;33.33333333333333;1.0;1.0;100.0;1;3;33.33333333333333
2023-2024;280;Public Health Agency of Canada;Agence de la santé publique du Canada;19;20;95.0;22.0;23.0;95.65217391304348;3;20;15.0;25.0;45.0;55.55555555555556;5;20;25.0
2023-2024;248;Public Prosecution Service of Canada;Service des poursuites pénales du Canada;0;2;0.0;;;;0;2;0.0;;;;0;2;0.0
2023-2024;135;Public Safety Canada;Sécurité publique Canada;37;49;75.51020408163265;50.0;77.0;64.93506493506493;2;49;4.081632653061225;24.0;195.0;12.307692307692308;44;49;89.79591836734694
2023-2024;282;Public Service Commission of Canada;Commission de la fonction publique du Canada;7;19;36.84210526315789;6.0;8.0;75.0;9;19;47.368421052631575;68.0;103.0;66.01941747572816;6;19;31.57894736842105
2023-2024;136;Public Services and Procurement Canada;Services publics et Approvisionnement Canada;34;48;70.83333333333334;39.0;64.0;60.9375;10;48;20.833333333333336;53.0;105.0;50.476190476190474;13;48;27.083333333333332
2023-2024;295;Royal Canadian Mounted Police;Gendarmerie royale du Canada;15;50;30.0;9.0;12.0;75.0;7;50;14.000000000000002;41.0;84.0;48.80952380952381;10;50;20.0
2023-2024;305;Shared Services Canada;Services partagés Canada;9;11;81.81818181818183;7.0;7.0;100.0;5;11;45.45454545454545;39.0;54.0;72.22222222222221;4;11;36.36363636363637
2023-2024;306;Social Sciences and Humanities Research Council of Canada;Conseil de recherches en sciences humaines du Canada;6;7;85.71428571428571;12.0;15.0;80.0;6;7;85.71428571428571;26.0;26.0;100.0;0;7;0.0
2023-2024;313;Statistics Canada;Statistique Canada;23;23;100.0;34.0;36.0;94.44444444444444;22;23;95.65217391304348;52.0;53.0;98.11320754716981;12;23;52.17391304347826
2023-2024;247;The Correctional Investigator Canada;L'Enquêteur correctionnel Canada;0;3;0.0;;;;0;3;0.0;;;;0;3;0.0
2023-2024;218;The National Battlefields Commission;Commission des champs de bataille nationaux;12;12;100.0;0.0;0.0;;0;12;0.0;0.0;18.0;0.0;0;12;0.0
2023-2024;138;Transport Canada;Transports Canada;75;117;64.1025641025641;108.0;191.0;56.54450261780105;13;117;11.11111111111111;115.0;600.0;19.166666666666668;11;117;9.401709401709402
2023-2024;326;Treasury Board of Canada Secretariat;Secrétariat du Conseil du Trésor du Canada;28;32;87.5;26.0;29.0;89.65517241379311;20;32;62.5;116.0;135.0;85.92592592592592;22;32;68.75
2023-2024;139;Veterans Affairs Canada;Anciens Combattants Canada;20;30;66.66666666666666;18.0;23.0;78.26086956521739;16;30;53.333333333333336;123.0;143.0;86.01398601398601;15;30;50.0
2023-2024;333;Veterans Review and Appeal Board;Tribunal des anciens combattants (révision et appel);1;1;100.0;0.0;1.0;0.0;0;1;0.0;5.0;6.0;83.33333333333334;0;1;0.0
2023-2024;246;Women and Gender Equality Canada;Femmes et Égalité des genres Canada;3;3;100.0;4.0;6.0;66.66666666666666;3;3;100.0;18.0;18.0;100.0;3;3;100.0
2024-2025;295;Royal Canadian Mounted Police;Gendarmerie royale du Canada;0;1;0.0;;;;0;1;0.0;;;;0;1;0.0

SNAPSHOT 2025-03-01 Timestamp:2025-03-04_16:56:32
